date,home,away,home_fin,away_fin,W,L,div_W,div_L,spread,status,OU,money
2018-10-16,BOS,PHI,105,87,1,0,1,0,-4.5,Un,211,-202
2018-10-16,GSW,OKC,108,100,1,0,0,0,-12.5,Un,220,-972
2018-10-17,CHA,MIL,112,113,0,1,0,0,3.5,Ov,222,145
2018-10-17,DET,BKN,103,100,1,0,0,0,-6,Un,212,-242
2018-10-17,HOU,NOR,112,131,0,1,0,1,-8,Ov,232,-341
2018-10-17,IND,MEM,111,83,1,0,0,0,-7.5,Un,204,-272
2018-10-17,LAC,DEN,98,107,0,1,0,0,2,Un,224,115
2018-10-17,NYK,ATL,126,107,1,0,0,0,-3.5,Ov,217,-166
2018-10-17,ORL,MIA,104,101,1,0,1,0,2.5,Un,209,124
2018-10-17,PHO,DAL,121,100,1,0,0,0,2.5,Ov,213,121
2018-10-17,SAC,UTA,117,123,0,1,0,0,8.5,Ov,206,337
2018-10-17,SAS,MIN,112,108,1,0,0,0,-2.5,Ov,212,-135
2018-10-17,TOR,CLE,116,104,1,0,0,0,-13,Ov,215,-1050
2018-10-18,PHI,CHI,127,108,1,1,0,1,-12.5,Ov,221,-908
2018-10-18,POR,LAL,128,119,1,0,0,0,-3,Ov,224,-137
2018-10-18,WAS,MIA,112,113,0,1,0,1,-5.5,Ov,214,-237
2018-10-19,BKN,NYK,107,105,1,1,1,0,-4,Un,221,-166
2018-10-19,LAC,OKC,108,92,1,1,0,0,-3,Un,214,-142
2018-10-19,MEM,ATL,131,117,1,1,0,0,-7,Ov,215,-273
2018-10-19,MIL,IND,118,101,2,0,1,0,-3.5,Ov,216,-172
2018-10-19,MIN,CLE,131,123,1,1,0,0,-8.5,Ov,223,-370
2018-10-19,NOR,SAC,149,129,2,0,1,0,-11.5,Ov,232,-750
2018-10-19,ORL,CHA,88,120,1,1,1,1,1.5,Un,215,108
2018-10-19,TOR,BOS,113,101,2,0,1,0,-3,Ov,209,-148
2018-10-19,UTA,GSW,123,124,1,1,0,0,2.5,Ov,218,122
2018-10-20,CHI,DET,116,118,0,2,0,1,4.5,Ov,217,174
2018-10-20,DAL,MIN,140,136,1,1,0,0,-1.5,Ov,220,-119
2018-10-20,DEN,PHO,119,91,2,0,0,0,-10.5,Un,224,-546
2018-10-20,IND,BKN,132,112,2,1,0,1,-8,Ov,214,-357
2018-10-20,LAL,HOU,115,124,0,2,0,0,3.5,Ov,238,141
2018-10-20,MIA,CHA,112,113,1,2,1,2,-3.5,Ov,219,-156
2018-10-20,NYK,BOS,101,103,1,2,0,2,9.5,Un,210,400
2018-10-20,PHI,ORL,116,115,2,1,0,1,-12.5,Ov,217,-1250
2018-10-20,POR,SAS,121,108,2,0,0,0,-4.5,Ov,213,-193
2018-10-20,WAS,TOR,113,117,0,2,0,1,-2,Ov,219,-126
2018-10-21,CLE,ATL,111,133,0,3,0,0,-8,Ov,232,-358
2018-10-21,DEN,GSW,100,98,3,0,0,0,4.5,Un,230,173
2018-10-21,LAC,HOU,115,112,2,1,0,0,-2,Ov,221,-125
2018-10-21,OKC,SAC,120,131,0,3,0,0,-11,Ov,222,-682
2018-10-22,BOS,ORL,90,93,2,2,2,1,-11.5,Un,210,-777
2018-10-22,DAL,CHI,115,109,2,1,0,0,-5,Un,230,-199
2018-10-22,GSW,PHO,123,103,3,1,1,0,-12.5,Un,227,-913
2018-10-22,LAL,SAS,142,143,0,3,0,0,-1,Ov,225,-114
2018-10-22,MIL,NYK,124,113,3,0,1,0,-11,Ov,226,-721
2018-10-22,MIN,IND,101,91,2,2,0,0,-2,Un,228,-126
2018-10-22,POR,WAS,124,125,2,1,0,0,-5,Ov,227,-188
2018-10-22,TOR,CHA,127,106,4,0,1,0,-8.5,Ov,225,-398
2018-10-22,UTA,MEM,84,92,1,2,0,0,-10.5,Un,213,-535
2018-10-23,DEN,SAC,126,112,4,0,0,0,-11.5,Ov,228,-806
2018-10-23,DET,PHI,133,132,3,0,1,0,1,Ov,214,-102
2018-10-23,NOR,LAC,116,109,3,0,1,0,-5.5,Un,237,-230
2018-10-24,ATL,DAL,111,104,2,2,0,0,2,Un,235,110
2018-10-24,CHI,CHA,112,110,1,3,0,1,4.5,Un,229,166
2018-10-24,CLE,BKN,86,102,0,4,0,0,-3,Un,226,-143
2018-10-24,GSW,WAS,144,122,4,1,1,0,-10,Ov,236,-529
2018-10-24,HOU,UTA,89,100,1,3,0,1,-1,Un,217,-111
2018-10-24,MIA,NYK,110,87,2,2,1,2,-8,Un,218,-333
2018-10-24,MIL,PHI,123,108,4,0,1,0,-5,Ov,228,-217
2018-10-24,PHO,LAL,113,131,1,3,0,2,5.5,Ov,238,184
2018-10-24,SAC,MEM,97,92,2,3,0,0,2.5,Un,220,128
2018-10-24,SAS,IND,96,116,2,2,0,0,-1.5,Ov,210,-117
2018-10-24,TOR,MIN,112,105,5,0,1,0,-8.5,Un,227,-381
2018-10-25,DET,CLE,110,103,4,0,2,0,-9.5,Un,216,-465
2018-10-25,LAL,DEN,121,114,2,3,1,0,1.5,Pu,235,104
2018-10-25,OKC,BOS,95,101,0,4,0,0,-1,Un,219,-110
2018-10-25,ORL,POR,114,128,2,3,1,1,3.5,Ov,214,138
2018-10-26,CHA,CHI,135,106,3,3,2,0,-10.5,Ov,223,-538
2018-10-26,HOU,LAC,113,133,1,4,0,1,-3.5,Ov,217,-165
2018-10-26,MIN,MIL,95,125,2,4,0,0,2,Un,234,119
2018-10-26,NOR,BKN,117,115,4,0,1,0,-8.5,Ov,231,-450
2018-10-26,NYK,GSW,100,128,1,5,0,2,11.5,Ov,224,680
2018-10-26,SAC,WAS,116,112,3,3,0,0,5.5,Un,236,181
2018-10-26,TOR,DAL,116,107,6,0,1,0,-11.5,Ov,221,-842
2018-10-27,ATL,CHI,85,97,2,3,0,0,-6,Un,232,-223
2018-10-27,CLE,IND,107,119,0,6,0,2,7,Ov,213,256
2018-10-27,DET,BOS,89,109,4,1,2,0,3.5,Un,211,141
2018-10-27,MEM,PHO,117,96,3,2,0,0,-7.5,Ov,206,-293
2018-10-27,MIA,POR,120,111,3,2,1,2,-1.5,Ov,219,-115
2018-10-27,MIL,ORL,113,91,6,0,1,0,-9,Un,220,-418
2018-10-27,NOR,UTA,111,132,4,1,1,0,6,Ov,220,209
2018-10-27,PHI,CHA,105,103,3,3,0,1,-7,Un,232,-291
2018-10-27,SAS,LAL,110,106,3,2,0,0,1,Un,233,102
2018-10-28,BKN,GSW,114,120,2,4,1,0,9.5,Ov,226,426
2018-10-28,DAL,UTA,104,113,2,4,0,0,4.5,Ov,213,168
2018-10-28,LAC,WAS,136,104,4,2,0,0,-3.5,Ov,229,-153
2018-10-28,OKC,PHO,117,110,1,4,0,0,-13.5,Ov,219,-1227
2018-10-29,CHI,GSW,124,149,2,5,0,1,11,Ov,227,599
2018-10-29,DEN,NOR,116,111,5,1,0,0,-9,Un,229,-444
2018-10-29,IND,POR,93,103,4,3,1,1,-4,Un,215,-167
2018-10-29,MIA,SAC,113,123,3,3,1,2,-9,Ov,227,-453
2018-10-29,MIL,TOR,124,109,7,0,1,0,2,Ov,223,114
2018-10-29,MIN,LAL,124,120,3,4,0,0,1.5,Ov,240,106
2018-10-29,NYK,BKN,115,96,2,5,1,2,-1,Un,215,-104
2018-10-29,PHI,ATL,113,92,4,3,0,1,-11.5,Un,230,-735
2018-10-29,SAS,DAL,113,108,4,2,1,0,-7,Ov,214,-275
2018-10-30,BOS,DET,108,105,5,2,2,1,-8.5,Ov,212,-381
2018-10-30,CHA,MIA,125,113,4,4,3,0,-3.5,Ov,221,-152
2018-10-30,CLE,ATL,136,114,1,6,0,2,-4.5,Ov,227,-199
2018-10-30,HOU,POR,85,104,1,5,0,1,-4.5,Un,222,-189
2018-10-30,MEM,WAS,107,95,4,2,0,0,-1.5,Un,220,-111
2018-10-30,OKC,LAC,128,110,2,4,0,0,-3,Ov,228,-152
2018-10-30,ORL,SAC,99,107,2,5,1,1,-4.5,Un,220,-195
2018-10-30,TOR,PHI,129,112,7,1,2,0,-6,Ov,227,-249
2018-10-31,BKN,DET,120,119,3,5,1,1,-2.5,Ov,217,-136
2018-10-31,CHI,DEN,107,108,2,6,0,1,8,Un,220,315
2018-10-31,GSW,NOR,131,121,8,1,1,0,-9,Ov,240,-462
2018-10-31,LAL,DAL,114,113,3,5,1,0,-7.5,Un,234,-321
2018-10-31,MIN,UTA,128,125,4,4,1,0,7.5,Ov,222,254
2018-10-31,NYK,IND,101,107,2,6,1,2,6,Ov,207,215
2018-10-31,PHO,SAS,90,120,1,6,0,2,6.5,Un,214,244
2018-11-01,ATL,SAC,115,146,2,6,0,0,2.5,Ov,233,121
2018-11-01,BOS,MIL,117,113,6,2,2,1,-2.5,Ov,220,-132
2018-11-01,CHA,OKC,107,111,4,5,3,0,-1,Un,230,-112
2018-11-01,CLE,DEN,91,110,1,7,0,2,5,Un,218,199
2018-11-01,PHI,LAC,122,113,5,4,0,2,-5.5,Ov,229,-212
2018-11-01,POR,NOR,132,119,6,2,0,0,-8,Ov,230,-301
2018-11-02,BKN,HOU,111,119,3,6,1,1,4,Ov,221,155
2018-11-02,CHI,IND,105,107,2,7,0,2,7,Un,213,280
2018-11-02,DAL,NYK,106,118,2,7,0,1,-5.5,Ov,216,-231
2018-11-02,GSW,MIN,116,99,9,1,1,0,-10.5,Un,243,-627
2018-11-02,ORL,LAC,95,120,2,6,1,1,3.5,Un,219,150
2018-11-02,PHO,TOR,98,107,1,7,0,2,10,Un,227,468
2018-11-02,UTA,MEM,100,110,4,4,0,1,-8,Ov,201,-334
2018-11-02,WAS,OKC,111,134,1,7,0,1,-3.5,Ov,233,-157
2018-11-03,ATL,MIA,123,118,3,6,1,0,5.5,Ov,225,203
2018-11-03,CHA,CLE,126,94,5,5,3,0,-9.5,Un,221,-525
2018-11-03,CHI,HOU,88,96,2,8,0,2,8.5,Un,223,326
2018-11-03,DEN,UTA,103,88,8,1,1,0,-4.5,Un,209,-190
2018-11-03,IND,BOS,102,101,7,3,2,1,3.5,Un,205,143
2018-11-03,PHI,DET,109,99,6,4,0,2,-7.5,Un,221,-328
2018-11-03,POR,LAL,110,114,6,3,0,0,-3.5,Un,236,-156
2018-11-03,SAS,NOR,109,95,6,2,2,0,-2,Un,227,-127
2018-11-04,BKN,PHI,122,97,4,6,2,1,4,Un,224,156
2018-11-04,LAL,TOR,107,121,4,6,1,0,-1.5,Un,235,-123
2018-11-04,MIL,SAC,144,109,8,1,1,0,-9.5,Ov,234,-490
2018-11-04,PHO,MEM,102,100,2,7,0,2,4,Un,211,155
2018-11-04,POR,MIN,111,81,7,3,1,0,-5.5,Un,228,-258
2018-11-04,SAS,ORL,110,117,6,3,2,0,-7.5,Ov,207,-320
2018-11-04,WAS,NYK,108,95,2,7,0,1,-6.5,Un,223,-264
2018-11-05,DEN,BOS,115,107,9,1,1,0,-1.5,Ov,210,-110
2018-11-05,DET,MIA,115,120,4,5,2,0,-3,Ov,219,-150
2018-11-05,GSW,MEM,117,101,10,1,1,0,-13.5,Un,220,-1191
2018-11-05,IND,HOU,94,98,7,4,2,1,-1,Un,216,-114
2018-11-05,LAC,MIN,120,109,6,4,0,0,-5.5,Un,233,-229
2018-11-05,NYK,CHI,115,116,3,8,1,2,-2.5,Ov,213,-138
2018-11-05,OKC,NOR,122,116,5,4,0,0,-3.5,Ov,235,-165
2018-11-05,ORL,CLE,102,100,4,6,1,1,-4,Un,213,-180
2018-11-05,UTA,TOR,111,124,4,6,0,2,-3,Ov,214,-155
2018-11-06,CHA,ATL,113,102,6,5,4,0,-11.5,Un,233,-738
2018-11-06,DAL,WAS,119,100,3,7,0,1,1.5,Un,228,113
2018-11-06,PHO,BKN,82,104,2,8,0,2,2.5,Un,221,125
2018-11-06,POR,MIL,118,103,8,3,1,0,2,Un,230,120
2018-11-07,ATL,NYK,107,112,3,8,1,1,1.5,Un,225,106
2018-11-07,CLE,OKC,86,95,1,10,0,2,6.5,Un,217,232
2018-11-07,IND,PHI,94,100,7,5,2,1,-3,Un,216,-139
2018-11-07,LAL,MIN,114,110,5,6,1,0,-5.5,Un,239,-239
2018-11-07,MEM,DEN,89,87,6,4,0,0,3.5,Un,204,145
2018-11-07,MIA,SAS,95,88,5,5,1,4,-1.5,Un,215,-117
2018-11-07,NOR,CHI,107,98,5,6,1,1,-11,Un,228,-654
2018-11-07,ORL,DET,96,103,4,7,1,1,3,Un,212,139
2018-11-07,SAC,TOR,105,114,6,5,0,0,9,Un,232,399
2018-11-07,UTA,DAL,117,102,5,6,0,2,-9.5,Ov,213,-470
2018-11-08,GSW,MIL,111,134,10,2,1,0,-5.5,Ov,242,-238
2018-11-08,OKC,HOU,98,80,7,4,0,0,5,Un,213,186
2018-11-08,PHO,BOS,109,116,2,9,0,2,9.5,Ov,214,425
2018-11-08,POR,LAC,116,105,9,3,1,0,-5,Un,226,-200
2018-11-09,ATL,DET,109,124,3,9,1,1,5.5,Ov,227,192
2018-11-09,DEN,BKN,110,112,9,3,1,0,-8.5,Ov,215,-398
2018-11-09,MIA,IND,102,110,5,6,1,4,2,Ov,206,121
2018-11-09,ORL,WAS,117,108,5,7,2,1,3.5,Ov,221,152
2018-11-09,PHI,CHA,133,132,8,5,0,3,-5.5,Ov,227,-234
2018-11-09,SAC,MIN,121,110,7,5,0,0,2,Un,234,120
2018-11-09,UTA,BOS,123,115,6,6,0,2,-5.5,Ov,204,-230
2018-11-10,CHI,CLE,99,98,4,9,1,2,-4.5,Un,212,-185
2018-11-10,DAL,OKC,111,96,4,8,0,1,-1.5,Un,214,-119
2018-11-10,GSW,BKN,116,100,11,2,1,0,-7.5,Un,223,-345
2018-11-10,LAC,MIL,128,126,7,5,0,0,4,Ov,233,162
2018-11-10,MEM,PHI,112,106,7,4,0,0,-5,Ov,211,-187
2018-11-10,MIA,WAS,110,116,5,7,1,5,-3.5,Ov,224,-170
2018-11-10,NOR,PHO,119,99,6,6,1,1,-9,Un,228,-432
2018-11-10,SAC,LAL,86,101,7,6,0,1,5.5,Un,237,201
2018-11-10,SAS,HOU,96,89,7,4,3,0,3.5,Un,212,147
2018-11-10,TOR,NYK,128,112,12,1,3,0,-14.5,Ov,217,-1555
2018-11-11,DEN,MIL,114,121,9,4,1,0,-3.5,Ov,224,-160
2018-11-11,DET,CHA,103,113,6,6,2,0,-2.5,Un,221,-135
2018-11-11,HOU,IND,115,103,5,7,0,2,-2,Ov,209,-137
2018-11-11,LAL,ATL,107,106,7,6,2,0,-11.5,Un,236,-732
2018-11-11,NYK,ORL,89,115,4,10,1,3,-3.5,Un,210,-158
2018-11-11,POR,BOS,100,94,10,3,1,0,-2,Un,214,-126
2018-11-12,CHI,DAL,98,103,4,10,1,2,2.5,Un,215,125
2018-11-12,LAC,GSW,121,116,8,5,1,0,3.5,Ov,227,147
2018-11-12,MEM,UTA,88,96,7,5,0,0,4,Un,202,154
2018-11-12,MIA,PHI,114,124,5,8,1,5,-2.5,Ov,224,-135
2018-11-12,MIN,BKN,120,113,5,9,1,1,-4,Ov,226,-168
2018-11-12,OKC,PHO,118,101,8,5,0,0,-8,Ov,215,-347
2018-11-12,SAC,SAS,104,99,8,6,0,1,2.5,Un,220,120
2018-11-12,TOR,NOR,110,126,12,2,3,0,-9.5,Ov,229,-525
2018-11-12,WAS,ORL,117,109,4,9,2,2,-7.5,Ov,222,-315
2018-11-13,CLE,CHA,113,89,2,11,0,3,9,Un,214,358
2018-11-13,DEN,HOU,99,109,9,5,1,0,-4.5,Un,216,-169
2018-11-13,GSW,ATL,110,103,12,3,1,1,-11.5,Un,230,-730
2018-11-14,BOS,CHI,111,82,8,6,2,1,-12.5,Un,213,-920
2018-11-14,BKN,MIA,107,120,6,9,2,1,2.5,Ov,214,123
2018-11-14,DAL,UTA,118,68,6,8,0,1,5,Un,212,183
2018-11-14,LAL,POR,126,117,8,6,2,0,-2.5,Ov,223,-133
2018-11-14,MIL,MEM,113,116,10,4,1,0,-9.5,Ov,212,-480
2018-11-14,MIN,NOR,107,100,6,9,1,1,1.5,Un,234,106
2018-11-14,OKC,NYK,128,103,9,5,0,0,-8.5,Ov,213,-357
2018-11-14,ORL,PHI,111,106,7,8,2,2,5.5,Un,218,195
2018-11-14,PHO,SAS,116,96,3,11,0,2,6,Un,213,210
2018-11-14,TOR,DET,104,106,12,3,3,0,-9.5,Un,222,-490
2018-11-14,WAS,CLE,119,95,5,9,2,2,-12,Un,215,-904
2018-11-15,DEN,ATL,138,93,10,5,1,0,-14,Ov,222,-1130
2018-11-15,HOU,GSW,107,86,7,7,0,2,-4,Un,217,-174
2018-11-15,LAC,SAS,116,111,9,5,1,0,-6,Ov,217,-251
2018-11-16,BOS,TOR,123,116,9,6,3,1,-2,Ov,218,-120
2018-11-16,IND,MIA,99,91,9,6,2,1,-5,Un,213,-204
2018-11-16,MEM,SAC,112,104,9,5,0,0,-6.5,Ov,212,-246
2018-11-16,MIL,CHI,123,104,11,4,2,0,-14.5,Ov,225,-1450
2018-11-16,MIN,POR,112,96,7,9,2,1,-1,Un,225,-113
2018-11-16,NOR,NYK,129,124,8,7,1,1,-11,Ov,227,-663
2018-11-16,PHI,UTA,113,107,10,7,0,3,-2.5,Ov,216,-139
2018-11-16,WAS,BKN,104,115,5,10,2,2,-6,Un,224,-240
2018-11-17,BOS,UTA,86,98,9,7,3,1,-3.5,Un,206,-170
2018-11-17,BKN,LAC,119,127,7,10,2,1,4,Ov,222,159
2018-11-17,CHA,PHI,119,122,7,8,4,0,-3,Ov,225,-144
2018-11-17,CHI,TOR,83,122,4,13,1,3,9.5,Un,214,396
2018-11-17,DAL,GSW,112,109,7,8,0,1,1.5,Ov,215,110
2018-11-17,HOU,SAC,132,112,8,7,0,2,-12,Ov,220,-857
2018-11-17,IND,ATL,97,89,10,6,2,1,-11,Un,219,-630
2018-11-17,NOR,DEN,125,115,9,7,1,1,1,Ov,226,-102
2018-11-17,ORL,LAL,130,117,8,8,2,2,4,Ov,222,150
2018-11-17,PHO,OKC,100,110,3,12,0,2,5,Un,217,174
2018-11-18,MIA,LAL,97,113,6,10,1,5,1,Un,224,103
2018-11-18,MIN,MEM,87,100,7,10,2,1,-5.5,Un,209,-211
2018-11-18,ORL,NYK,131,117,9,8,2,2,-4.5,Ov,217,-187
2018-11-18,SAS,GSW,104,92,8,7,3,0,-3,Un,212,-141
2018-11-18,WAS,POR,109,119,5,11,2,2,1,Ov,220,-106
2018-11-19,ATL,LAC,119,127,3,14,1,1,6.5,Ov,232,227
2018-11-19,CHA,BOS,117,112,8,8,4,0,3.5,Ov,218,139
2018-11-19,DET,CLE,113,102,8,6,3,0,-9.5,Ov,213,-468
2018-11-19,IND,UTA,121,94,11,6,2,1,3.5,Ov,206,146
2018-11-19,MEM,DAL,98,88,11,5,1,0,-3,Un,200,-149
2018-11-19,MIL,DEN,104,98,12,4,2,0,-5.5,Un,224,-224
2018-11-19,NOR,SAS,140,126,10,7,2,1,-7.5,Ov,222,-292
2018-11-19,PHI,PHO,119,114,12,7,0,3,-11.5,Ov,219,-731
2018-11-19,SAC,OKC,117,113,9,8,0,1,5,Ov,227,171
2018-11-20,MIA,BKN,92,104,6,11,1,5,-2.5,Un,215,-135
2018-11-20,NYK,POR,114,118,4,14,1,3,7,Ov,221,244
2018-11-20,ORL,TOR,91,93,9,9,2,2,7,Un,219,246
2018-11-20,WAS,LAC,125,118,6,11,2,2,1,Ov,232,-104
2018-11-21,ATL,TOR,108,124,3,15,1,1,7.5,Ov,224,295
2018-11-21,BOS,NYK,109,117,9,9,3,2,-14,Ov,215,-1432
2018-11-21,CHA,IND,127,109,9,8,4,0,-3.5,Ov,215,-159
2018-11-21,CHI,PHO,124,116,5,13,1,3,1.5,Ov,217,106
2018-11-21,CLE,LAL,105,109,2,14,0,4,9,Un,222,400
2018-11-21,DAL,BKN,119,113,8,9,0,2,-5.5,Ov,215,-206
2018-11-21,GSW,OKC,95,123,12,7,1,1,1,Un,223,100
2018-11-21,HOU,DET,126,124,9,7,0,2,-9,Ov,215,-387
2018-11-21,MIL,POR,143,100,13,4,2,0,-7,Ov,226,-293
2018-11-21,MIN,DEN,101,103,7,11,2,2,-1,Un,220,-108
2018-11-21,PHI,NOR,121,120,13,7,0,3,-3.5,Ov,237,-163
2018-11-21,SAS,MEM,103,104,8,9,3,2,-3,Ov,199,-145
2018-11-21,UTA,SAC,110,119,8,10,0,2,-9.5,Ov,222,-452
2018-11-23,ATL,BOS,96,114,3,16,1,1,7.5,Un,223,296
2018-11-23,BKN,MIN,102,112,8,12,2,1,2,Un,221,112
2018-11-23,CHI,MIA,96,103,5,14,1,3,3.5,Un,213,155
2018-11-23,DEN,ORL,112,87,12,7,2,0,-8.5,Un,210,-374
2018-11-23,DET,HOU,116,111,9,7,3,0,4,Ov,215,150
2018-11-23,GSW,POR,125,97,13,7,1,1,-1.5,Ov,218,-113
2018-11-23,IND,SAS,100,111,11,8,2,1,-1.5,Ov,208,-118
2018-11-23,LAC,MEM,112,107,12,6,1,0,-4.5,Ov,210,-180
2018-11-23,LAL,UTA,90,83,11,7,2,0,-2.5,Un,220,-143
2018-11-23,MIL,PHO,114,116,13,5,2,0,-13.5,Un,232,-1281
2018-11-23,NYK,NOR,114,109,6,14,2,3,8,Un,235,279
2018-11-23,OKC,CHA,109,104,12,6,0,0,-6.5,Un,228,-267
2018-11-23,PHI,CLE,112,121,13,8,0,3,-13,Ov,217,-950
2018-11-23,TOR,WAS,125,107,16,4,3,1,-10,Ov,230,-530
2018-11-24,CLE,HOU,117,108,4,14,0,4,6.5,Ov,208,260
2018-11-24,DAL,BOS,113,104,9,9,0,2,3,Ov,213,132
2018-11-24,GSW,SAC,117,116,14,7,2,1,-6.5,Ov,225,-262
2018-11-24,MIL,SAS,135,129,14,5,2,0,-9.5,Ov,227,-438
2018-11-24,MIN,CHI,111,96,9,11,2,2,-11.5,Un,217,-642
2018-11-24,OKC,DEN,98,105,12,7,0,1,-6.5,Un,217,-234
2018-11-24,WAS,NOR,124,114,7,12,2,2,-3.5,Ov,237,-158
2018-11-25,ATL,CHA,124,123,4,16,2,1,6.5,Ov,228,244
2018-11-25,BKN,PHI,125,127,8,13,2,2,4.5,Ov,226,169
2018-11-25,DET,PHO,118,107,10,7,3,0,-8.5,Ov,221,-365
2018-11-25,LAL,ORL,104,108,11,8,2,0,-7.5,Un,217,-350
2018-11-25,MEM,NYK,98,103,12,7,2,0,-8,Un,206,-340
2018-11-25,POR,LAC,100,104,12,8,1,1,-4,Un,227,-172
2018-11-25,SAC,UTA,112,133,10,10,0,2,4,Ov,219,149
2018-11-25,TOR,MIA,125,115,17,4,3,1,-12,Ov,215,-831
2018-11-26,CHA,MIL,110,107,10,10,4,1,4.5,Un,234,171
2018-11-26,CHI,SAS,107,108,5,16,1,3,6,Pu,215,229
2018-11-26,CLE,MIN,95,102,4,15,0,4,6,Un,214,205
2018-11-26,GSW,ORL,116,110,15,7,2,1,-7,Ov,215,-286
2018-11-26,NOR,BOS,107,124,10,11,2,1,-2.5,Ov,228,-130
2018-11-26,UTA,IND,88,121,9,12,0,2,-4.5,Ov,206,-191
2018-11-26,WAS,HOU,135,131,8,12,2,2,-1.5,Ov,223,-118
2018-11-27,DEN,LAL,117,85,14,7,3,0,-3,Un,219,-148
2018-11-27,DET,NYK,115,108,11,7,3,0,-7.5,Ov,220,-304
2018-11-27,MEM,TOR,114,122,12,8,2,0,5.5,Ov,209,195
2018-11-27,MIA,ATL,113,115,7,13,1,6,-7.5,Ov,224,-320
2018-11-27,PHO,IND,104,109,4,16,0,2,2.5,Un,216,129
2018-11-28,BKN,UTA,91,101,8,14,2,2,3.5,Un,215,136
2018-11-28,CHA,ATL,108,94,11,10,5,1,-12,Un,231,-860
2018-11-28,HOU,DAL,108,128,9,11,0,3,-5.5,Ov,216,-234
2018-11-28,LAC,PHO,115,99,14,6,2,0,-12,Un,230,-684
2018-11-28,MIL,CHI,116,113,15,6,3,0,-14.5,Un,230,-1375
2018-11-28,MIN,SAS,128,89,11,11,2,2,-4.5,Ov,215,-190
2018-11-28,NOR,WAS,125,104,11,11,2,1,-6.5,Un,241,-237
2018-11-28,OKC,CLE,100,83,13,7,0,1,-12.5,Un,215,-984
2018-11-28,PHI,NYK,117,91,15,8,2,3,-12.5,Un,227,-849
2018-11-28,POR,ORL,115,112,13,8,1,1,-10,Ov,215,-471
2018-11-29,LAL,IND,104,96,12,9,2,0,-5,Un,220,-205
2018-11-29,SAC,LAC,121,133,10,11,0,3,2,Ov,236,111
2018-11-29,TOR,GSW,131,128,19,4,3,1,-9.5,Ov,223,-427
2018-11-30,BOS,CLE,128,95,12,10,3,2,-12.5,Ov,206,-950
2018-11-30,BKN,MEM,125,131,8,15,2,2,2.5,Ov,207,123
2018-11-30,CHA,UTA,111,119,11,11,5,1,-2,Ov,218,-128
2018-11-30,DET,CHI,107,88,12,7,4,0,-8.5,Un,217,-392
2018-11-30,LAL,DAL,114,103,13,9,2,0,-3.5,Un,223,-167
2018-11-30,MIA,NOR,106,101,8,13,1,6,3,Un,228,132
2018-11-30,OKC,ATL,124,109,14,7,0,1,-12.5,Ov,229,-983
2018-11-30,PHI,WAS,123,98,16,8,2,3,-8.5,Un,233,-405
2018-11-30,PHO,ORL,85,99,4,18,0,3,4.5,Un,215,165
2018-11-30,POR,DEN,112,113,13,9,1,2,-1,Ov,214,-112
2018-11-30,SAS,HOU,105,136,10,12,3,3,4,Ov,216,155
2018-12-01,CLE,TOR,95,106,4,18,0,4,12,Un,213,676
2018-12-01,DET,GSW,111,102,13,7,4,0,4.5,Un,229,164
2018-12-01,HOU,CHI,121,105,11,11,1,3,-13,Ov,219,-1187
2018-12-01,MIN,BOS,109,118,11,12,2,2,-2,Ov,216,-124
2018-12-01,NYK,MIL,136,134,8,16,2,4,8,Ov,230,306
2018-12-01,SAC,IND,111,110,11,11,0,3,1.5,Un,224,110
2018-12-01,WAS,BKN,102,88,9,14,2,2,-6.5,Un,228,-255
2018-12-02,CHA,NOR,109,119,11,12,5,1,-3,Un,232,-148
2018-12-02,DAL,LAC,114,110,11,10,1,2,3.5,Pu,224,137
2018-12-02,LAL,PHO,120,96,14,9,3,0,-11.5,Un,221,-712
2018-12-02,MIA,UTA,102,100,9,13,1,6,4,Un,208,152
2018-12-02,PHI,MEM,103,95,17,8,2,3,-6.5,Un,211,-246
2018-12-02,SAS,POR,131,118,11,12,3,3,1,Ov,217,-100
2018-12-03,ATL,GSW,111,128,5,19,3,2,10.5,Ov,235,508
2018-12-03,BKN,CLE,97,99,8,17,2,2,-6,Un,211,-240
2018-12-03,DET,OKC,83,110,13,8,4,0,2.5,Un,217,122
2018-12-03,MIN,HOU,103,91,12,12,2,2,2.5,Un,223,125
2018-12-03,NOR,LAC,126,129,12,13,2,1,-1.5,Ov,234,-121
2018-12-03,NYK,WAS,107,110,8,17,2,4,2,Un,228,117
2018-12-03,TOR,DEN,103,106,20,5,3,1,-7,Un,219,-283
2018-12-04,DAL,POR,111,102,12,10,1,2,-1.5,Un,217,-115
2018-12-04,IND,CHI,96,90,14,10,3,1,-8,Un,211,-365
2018-12-04,MIA,ORL,90,105,9,14,1,7,-2.5,Un,208,-148
2018-12-04,PHO,SAC,105,122,4,20,0,5,5.5,Ov,223,185
2018-12-04,UTA,SAS,139,105,12,13,0,2,-8,Ov,215,-305
2018-12-05,ATL,WAS,117,131,5,20,3,3,3.5,Ov,228,137
2018-12-05,BKN,OKC,112,114,8,18,2,2,6.5,Ov,221,229
2018-12-05,CLE,GSW,105,129,5,19,0,4,11,Ov,219,543
2018-12-05,LAL,SAS,121,113,15,9,3,0,-7.5,Ov,225,-363
2018-12-05,MEM,LAC,96,86,14,9,2,0,-2,Un,210,-130
2018-12-05,MIL,DET,115,92,16,7,4,0,-7.5,Un,226,-282
2018-12-05,MIN,CHA,121,104,13,12,2,2,-4.5,Ov,222,-185
2018-12-05,NOR,DAL,132,106,13,13,3,1,-5.5,Ov,226,-210
2018-12-05,ORL,DEN,118,124,12,13,3,2,4.5,Ov,206,166
2018-12-05,TOR,PHI,113,102,21,5,4,1,-6.5,Un,229,-259
2018-12-06,BOS,NYK,128,100,14,10,4,2,-13.5,Ov,218,-1139
2018-12-06,POR,PHO,108,86,14,11,1,2,-12.5,Un,210,-930
2018-12-06,UTA,HOU,118,91,13,13,0,2,-1,Un,215,-107
2018-12-07,BKN,TOR,106,105,9,18,3,2,9,Un,221,338
2018-12-07,CHA,DEN,113,107,12,13,5,1,-1,Ov,218,-113
2018-12-07,CHI,OKC,114,112,6,20,1,6,8.5,Ov,218,354
2018-12-07,CLE,SAC,110,129,5,20,0,4,2.5,Ov,222,128
2018-12-07,DET,PHI,111,117,13,10,4,1,-2.5,Ov,221,-136
2018-12-07,MIL,GSW,95,105,16,8,4,0,-2,Un,241,-123
2018-12-07,NOR,MEM,103,107,13,14,3,2,-5,Un,214,-214
2018-12-07,ORL,IND,90,112,12,14,3,2,-3.5,Un,206,-166
2018-12-07,PHO,MIA,98,115,4,22,0,5,8.5,Ov,210,317
2018-12-07,SAS,LAL,133,120,12,14,3,3,1,Ov,223,-105
2018-12-08,ATL,DEN,106,98,6,20,3,3,5.5,Un,224,204
2018-12-08,CHI,BOS,77,133,6,21,1,6,7.5,Un,214,291
2018-12-08,CLE,WAS,116,101,6,20,0,4,7.5,Pu,217,270
2018-12-08,DAL,HOU,107,104,13,11,2,3,3.5,Un,219,144
2018-12-08,IND,SAC,107,97,16,10,3,1,-5.5,Un,222,-206
2018-12-08,LAC,MIA,98,121,16,9,3,0,-9.5,Un,219,-555
2018-12-08,MEM,LAL,88,111,15,10,3,0,-2,Un,209,-131
2018-12-08,NYK,BKN,104,112,8,19,2,6,-2,Un,219,-123
2018-12-08,POR,MIN,113,105,15,11,2,2,-3,Un,221,-169
2018-12-09,DET,NOR,108,116,13,11,4,1,2.5,Un,224,121
2018-12-09,NYK,CHA,107,119,8,20,2,6,6,Ov,225,214
2018-12-09,SAS,UTA,110,97,13,14,3,3,3.5,Un,219,155
2018-12-09,TOR,MIL,99,104,21,7,4,2,-4.5,Un,229,-195
2018-12-10,BOS,NOR,113,100,16,10,4,2,-2.5,Un,223,-128
2018-12-10,CHI,SAC,89,108,6,22,1,6,2,Un,226,116
2018-12-10,DAL,ORL,101,76,14,11,2,3,-4.5,Un,210,-186
2018-12-10,DEN,MEM,105,99,18,9,4,0,-3,Ov,197,-158
2018-12-10,GSW,MIN,116,108,19,9,2,1,-9.5,Un,228,-465
2018-12-10,IND,WAS,109,101,17,10,3,1,-6,Un,216,-241
2018-12-10,LAL,MIA,108,105,17,10,3,0,-5.5,Un,222,-212
2018-12-10,MIL,CLE,108,92,18,8,5,0,-10.5,Un,217,-492
2018-12-10,OKC,UTA,122,113,17,8,1,1,-5,Ov,217,-195
2018-12-10,PHI,DET,116,102,19,9,2,4,-11.5,Un,219,-777
2018-12-10,PHO,LAC,119,123,4,23,0,6,9.5,Ov,223,397
2018-12-11,HOU,POR,111,104,12,14,1,4,-6,Un,220,-241
2018-12-11,LAC,TOR,99,123,17,10,4,0,3,Ov,219,134
2018-12-11,SAS,PHO,111,86,14,14,3,3,-12.5,Un,217,-901
2018-12-12,CHA,DET,108,107,14,13,5,1,-5.5,Un,216,-222
2018-12-12,CLE,NYK,113,106,7,21,0,5,1,Ov,215,-103
2018-12-12,DAL,ATL,114,107,15,11,2,3,-9.5,Un,225,-450
2018-12-12,GSW,TOR,93,113,19,10,2,1,-7.5,Un,226,-315
2018-12-12,IND,MIL,113,97,18,10,4,1,2,Un,219,117
2018-12-12,MEM,POR,92,83,16,11,3,0,-3,Un,202,-151
2018-12-12,NOR,OKC,118,114,15,15,3,2,2,Un,234,120
2018-12-12,PHI,BKN,124,127,19,10,2,5,-5.5,Ov,225,-246
2018-12-12,SAC,MIN,141,130,15,12,1,3,3.5,Ov,226,135
2018-12-12,UTA,MIA,111,84,14,15,0,3,-8.5,Un,211,-370
2018-12-12,WAS,BOS,125,130,11,17,3,2,3.5,Ov,220,148
2018-12-13,HOU,LAL,126,111,13,14,1,4,-6,Ov,226,-230
2018-12-13,PHO,DAL,99,89,5,24,0,6,5.5,Un,210,200
2018-12-13,SAS,LAC,125,87,15,14,3,3,-3,Un,221,-149
2018-12-13,ORL,CHI,97,91,13,15,3,2,-6,Un,212.5,-223
2018-12-14,BOS,ATL,129,108,18,10,4,2,-12,Ov,221,-877
2018-12-14,BKN,WAS,125,118,12,18,5,2,-2.5,Ov,224,-150
2018-12-14,CHA,NYK,124,126,14,14,5,1,-10,Ov,224,-543
2018-12-14,CLE,MIL,102,114,7,22,0,6,9.5,Un,220,388
2018-12-14,DEN,OKC,109,98,19,9,5,0,2,Un,217,117
2018-12-14,MEM,MIA,97,100,16,12,3,0,-3.5,Ov,195,-170
2018-12-14,PHI,IND,101,113,19,11,2,5,-2.5,Un,219,-135
2018-12-14,POR,TOR,128,122,16,13,2,2,1.5,Ov,216,111
2018-12-14,SAC,GSW,125,130,15,13,1,4,7,Ov,235,270
2018-12-15,CHA,LAL,100,128,14,15,5,1,1,Ov,226,-104
2018-12-15,DET,BOS,113,104,14,13,4,1,2,Ov,215,117
2018-12-15,MEM,HOU,97,105,16,13,3,1,5,Pu,202,177
2018-12-15,OKC,LAC,110,104,18,10,1,2,-6.5,Un,222,-255
2018-12-15,PHO,MIN,107,99,6,24,0,6,7.5,Un,219,260
2018-12-15,SAS,CHI,93,98,15,15,3,3,-9,Un,213,-536
2018-12-15,ORL,UTA,96,89,14,15,3,2,6,Un,207,212
2018-12-16,BKN,ATL,144,127,13,18,5,2,-7,Ov,226,-287
2018-12-16,CLE,PHI,105,128,7,23,0,6,9,Ov,217,342
2018-12-16,DAL,SAC,113,120,15,13,2,3,-4.5,Ov,222,-184
2018-12-16,DEN,TOR,95,86,20,9,5,0,-3,Un,209,-147
2018-12-16,IND,NYK,110,99,20,10,4,1,-11.5,Un,216,-754
2018-12-16,NOR,MIA,96,102,15,16,3,2,-5.5,Un,221,-228
2018-12-16,WAS,LAL,128,110,12,18,3,2,3.5,Ov,231,146
2018-12-17,DET,MIL,104,107,14,14,4,2,3,Un,225,131
2018-12-17,GSW,MEM,110,93,21,10,3,1,-12.5,Un,210,-955
2018-12-17,HOU,UTA,102,97,15,14,2,4,-5,Un,212,-196
2018-12-17,LAC,POR,127,131,17,13,4,0,-1.5,Ov,217,-110
2018-12-17,MIN,SAC,132,105,14,16,2,3,-8,Ov,232,-318
2018-12-17,NYK,PHO,110,128,9,23,2,6,1.5,Ov,221,102
2018-12-17,OKC,CHI,121,96,19,10,1,2,-12.5,Ov,212,-917
2018-12-17,SAS,PHI,123,96,16,15,3,3,-1,Un,224,-109
2018-12-18,ATL,WAS,118,110,7,23,4,3,3,Un,238,135
2018-12-18,BKN,LAL,115,110,14,18,5,2,1.5,Un,229,105
2018-12-18,DEN,DAL,126,118,21,9,5,0,-4.5,Ov,208,-178
2018-12-18,IND,CLE,91,92,20,11,4,2,-12.5,Un,207,-925
2018-12-19,BOS,PHO,103,111,18,12,4,2,-11.5,Un,222,-804
2018-12-19,CHA,CLE,110,99,15,15,5,1,-13,Un,213,-1090
2018-12-19,CHI,BKN,93,96,7,25,1,6,1,Un,211,104
2018-12-19,HOU,WAS,136,118,16,14,2,4,-11,Ov,225,-625
2018-12-19,MIL,NOR,123,115,21,9,7,1,-9,Ov,230,-383
2018-12-19,MIN,DET,123,129,14,17,2,3,-5.5,Ov,217,-227
2018-12-19,ORL,SAS,90,129,14,16,3,2,3,Ov,209,135
2018-12-19,PHI,NYK,131,109,21,12,3,5,-12,Ov,227,-917
2018-12-19,POR,MEM,99,92,18,13,2,2,-5.5,Un,202,-234
2018-12-19,SAC,OKC,113,132,16,15,1,4,4.5,Ov,232,160
2018-12-19,TOR,IND,99,96,24,9,4,2,-4.5,Un,210,-173
2018-12-19,UTA,GSW,108,103,15,17,0,3,1.5,Un,222,111
2018-12-20,LAC,DAL,125,121,18,13,4,0,-3.5,Ov,222,-142
2018-12-20,MIA,HOU,101,99,14,16,1,7,2.5,Un,211,122
2018-12-21,BOS,MIL,107,120,18,13,4,2,1.5,Ov,224,108
2018-12-21,BKN,IND,106,114,15,19,5,2,3,Ov,209,125
2018-12-21,CHA,DET,98,86,16,15,5,1,-4,Un,220,-172
2018-12-21,CHI,ORL,90,80,8,25,1,6,3,Un,201,140
2018-12-21,LAL,NOR,112,104,19,13,3,0,-5,Un,235,-233
2018-12-21,NYK,ATL,107,114,9,25,2,7,-2,Un,233,-133
2018-12-21,POR,UTA,90,120,18,14,2,3,-1.5,Un,214,-118
2018-12-21,SAC,MEM,102,99,17,15,1,4,-2,Un,212,-126
2018-12-21,SAS,MIN,124,98,18,15,3,3,-4,Ov,219,-170
2018-12-21,TOR,CLE,126,110,25,9,4,2,-11.5,Ov,210,-705
2018-12-22,GSW,DAL,120,116,22,11,3,1,-11,Ov,226,-654
2018-12-22,HOU,SAS,108,101,17,15,3,4,-5,Un,217,-190
2018-12-22,LAC,DEN,132,111,19,13,4,0,-2,Ov,220,-134
2018-12-22,MIA,MIL,94,87,15,16,1,7,2,Un,215,110
2018-12-22,PHI,TOR,126,101,22,12,4,5,-7.5,Ov,222,-318
2018-12-22,UTA,OKC,106,107,16,18,1,4,-2,Un,219,-129
2018-12-22,WAS,PHO,149,146,13,20,3,3,-5,Ov,227,-187
2018-12-23,BOS,CHA,119,103,19,13,4,2,-7.5,Ov,217,-280
2018-12-23,BKN,PHO,111,103,16,19,5,2,-9.5,Un,219,-385
2018-12-23,CLE,CHI,92,112,8,26,1,7,-1,Ov,201,-104
2018-12-23,DET,ATL,95,98,15,16,4,2,-9.5,Un,222,-450
2018-12-23,GSW,LAC,129,127,23,11,4,1,-11,Ov,234,-636
2018-12-23,IND,WAS,105,89,22,12,4,2,-10.5,Un,219,-589
2018-12-23,LAL,MEM,99,107,19,14,3,0,-5,Un,210,-221
2018-12-23,OKC,MIN,112,114,21,11,2,3,-6.5,Ov,221,-257
2018-12-23,ORL,MIA,91,115,14,18,3,3,-2.5,Ov,201,-129
2018-12-23,POR,DAL,121,118,19,14,2,3,-7.5,Ov,215,-286
2018-12-23,SAC,NOR,122,117,18,15,1,4,1,Ov,237,-105
2018-12-25,BOS,PHI,121,114,20,13,5,2,-5,Ov,224,-214
2018-12-25,GSW,LAL,101,127,23,12,4,2,-9,Un,233,-428
2018-12-25,HOU,OKC,113,109,18,15,3,4,1,Pu,222,-100
2018-12-25,NYK,MIL,95,109,9,26,2,7,10,Un,226,435
2018-12-25,UTA,POR,117,96,17,18,2,4,-7,Un,214,-258
2018-12-26,ATL,IND,121,129,9,24,4,3,6.5,Ov,220,235
2018-12-26,BKN,CHA,134,132,17,19,5,2,-1.5,Ov,220,-110
2018-12-26,CHI,MIN,94,119,9,26,2,6,4,Ov,210,155
2018-12-26,DAL,NOR,122,119,16,17,3,3,-2,Ov,229,-130
2018-12-26,DET,WAS,106,95,16,16,4,2,-4.5,Un,221,-181
2018-12-26,LAC,SAC,127,118,20,14,5,1,-5,Ov,238,-197
2018-12-26,MEM,CLE,95,87,18,16,3,1,-9.5,Un,196,-457
2018-12-26,MIA,TOR,104,106,16,17,2,7,2.5,Ov,207,115
2018-12-26,ORL,PHO,120,122,14,19,3,3,-5.5,Ov,211,-214
2018-12-26,SAS,DEN,111,103,19,16,3,4,-4,Un,215,-168
2018-12-27,GSW,POR,109,110,23,13,4,2,-8.5,Un,226,-369
2018-12-27,HOU,BOS,127,113,19,15,3,4,2.5,Ov,214,119
2018-12-27,MIL,NYK,112,96,24,10,7,1,-14,Un,227,-1334
2018-12-27,SAC,LAL,117,116,19,16,2,5,-5,Ov,229,-188
2018-12-27,UTA,PHI,97,114,17,19,2,4,-5,Un,219,-199
2018-12-28,CHA,BKN,100,87,17,17,5,1,-4.5,Un,220,-185
2018-12-28,DEN,SAS,102,99,22,11,5,0,-4.5,Un,216,-182
2018-12-28,IND,DET,125,88,24,12,5,2,-6.5,Ov,206,-271
2018-12-28,LAL,LAC,107,118,20,16,4,2,7.5,Un,229,244
2018-12-28,MIA,CLE,118,94,17,17,2,7,-10,Ov,202,-530
2018-12-28,MIN,ATL,120,123,16,19,3,3,-9.5,Ov,229,-419
2018-12-28,NOR,DAL,114,112,16,20,4,3,-4,Un,228,-163
2018-12-28,ORL,TOR,116,87,15,19,3,3,5,Un,207,176
2018-12-28,PHO,OKC,102,118,9,27,0,6,4.5,Un,226,156
2018-12-28,WAS,CHI,92,101,13,23,3,3,-4.5,Un,212,-185
2018-12-29,ATL,CLE,111,108,11,24,4,3,-4,Un,219,-171
2018-12-29,LAC,SAS,111,122,21,15,6,1,-3,Ov,227,-136
2018-12-29,MEM,BOS,103,112,18,17,3,1,3.5,Ov,202,144
2018-12-29,MIL,BKN,129,115,25,10,7,1,-10.5,Ov,222,-573
2018-12-29,NOR,HOU,104,108,16,21,4,4,3.5,Un,229,141
2018-12-29,PHO,DEN,118,122,9,28,0,6,4.5,Ov,215,174
2018-12-29,POR,GSW,105,115,20,16,2,4,5,Un,226,173
2018-12-29,UTA,NYK,129,97,18,19,2,4,-12,Ov,215,-777
2018-12-29,WAS,CHA,130,126,14,23,4,3,4,Ov,217,154
2018-12-30,DAL,OKC,105,103,17,18,3,4,2.5,Un,225,116
2018-12-30,LAL,SAC,121,114,21,16,5,2,-1.5,Ov,232,-124
2018-12-30,MIA,MIN,104,113,17,18,2,7,-4,Ov,207,-161
2018-12-30,ORL,DET,109,107,16,19,3,3,-1.5,Ov,204,-114
2018-12-30,POR,PHI,129,95,21,16,2,4,-3,Un,224,-157
2018-12-30,TOR,CHI,95,89,27,11,4,3,-10.5,Un,206,-595
2018-12-31,CHA,ORL,125,100,18,18,6,2,-8,Ov,211,-330
2018-12-31,HOU,MEM,113,101,21,15,5,4,-4,Ov,200,-169
2018-12-31,IND,ATL,116,108,25,12,5,2,-13,Ov,220,-1055
2018-12-31,NOR,MIN,123,114,17,21,4,4,1,Ov,224,-216
2018-12-31,OKC,DAL,122,102,23,13,2,3,-7.5,Pu,224,-312
2018-12-31,PHO,GSW,109,132,9,29,0,7,10,Ov,230,499
2018-12-31,SAS,BOS,120,111,21,17,3,4,1.5,Ov,218,106
2019-01-01,DEN,NYK,115,108,24,11,5,0,-13,Ov,219,-1072
2019-01-01,LAC,PHI,113,119,21,16,6,1,1.5,Un,236,106
2019-01-01,MIL,DET,121,98,26,10,8,1,-10,Pu,219,-527
2019-01-01,SAC,POR,108,113,19,18,2,6,1,Un,230,-101
2019-01-01,TOR,UTA,122,116,28,11,4,3,-1,Ov,209,-109
2019-01-02,BOS,MIN,115,102,22,15,5,2,-6,Ov,215,-251
2019-01-02,BKN,NOR,126,121,18,21,5,2,1.5,Ov,230,110
2019-01-02,CHA,DAL,84,122,18,19,6,2,-1.5,Un,223,-117
2019-01-02,CHI,ORL,84,112,10,28,2,6,1.5,Un,199,103
2019-01-02,CLE,MIA,92,117,8,30,1,7,5.5,Ov,203,206
2019-01-02,LAL,OKC,100,107,21,17,5,2,5,Un,229,190
2019-01-02,MEM,DET,94,101,18,19,3,2,-6.5,Un,198,-241
2019-01-02,PHO,PHI,127,132,9,30,0,7,3.5,Ov,229,152
2019-01-02,WAS,ATL,114,98,15,23,5,3,-6,Un,230,-255
2019-01-03,GSW,HOU,134,135,25,14,5,2,-8.5,Ov,225,-357
2019-01-03,SAC,DEN,113,117,19,19,2,6,3.5,Ov,226,145
2019-01-03,SAS,TOR,125,107,22,17,3,4,-3.5,Ov,218,-156
2019-01-04,BOS,DAL,114,93,23,15,5,2,-4,Un,212,-173
2019-01-04,CHI,IND,116,119,10,29,2,7,7,Ov,201,256
2019-01-04,CLE,UTA,91,117,8,31,1,7,9.5,Pu,208,423
2019-01-04,LAL,NYK,112,119,21,18,5,2,-5.5,Ov,222,-226
2019-01-04,MEM,BKN,100,109,18,20,3,2,-4,Ov,203,-171
2019-01-04,MIA,WAS,115,109,19,18,3,7,-6.5,Ov,212,-283
2019-01-04,MIL,ATL,144,112,27,10,8,1,-13.5,Ov,230,-1012
2019-01-04,MIN,ORL,120,103,18,21,3,3,-4.5,Ov,214,-171
2019-01-04,PHO,LAC,111,121,9,31,0,8,4.5,Un,234,168
2019-01-04,POR,OKC,109,111,22,17,2,5,1,Un,223,-103
2019-01-05,CLE,NOR,98,133,8,32,1,7,9.5,Ov,222,379
2019-01-05,DEN,CHA,123,110,26,11,5,0,-9,Ov,218,-400
2019-01-05,DET,UTA,105,110,17,20,4,4,4,Ov,209,163
2019-01-05,MIL,TOR,116,123,27,11,8,1,-5.5,Ov,227,-228
2019-01-05,PHI,DAL,106,100,26,14,4,6,-6.5,Un,227,-265
2019-01-05,POR,HOU,110,101,23,17,2,5,-2,Un,218,-136
2019-01-05,SAC,GSW,123,127,19,20,2,7,7.5,Ov,239,285
2019-01-05,SAS,MEM,108,88,23,17,4,4,-9,Un,204,-386
2019-01-06,ATL,MIA,106,82,12,27,5,4,6.5,Un,218,235
2019-01-06,CHI,BKN,100,117,10,30,2,7,2,Ov,207,117
2019-01-06,LAC,ORL,106,96,23,16,7,1,-6.5,Un,220,-266
2019-01-06,MIN,LAL,108,86,19,21,3,3,-8,Un,224,-306
2019-01-06,OKC,WAS,98,116,25,14,3,3,-10,Un,227,-499
2019-01-06,PHO,CHA,113,119,9,32,0,8,-2,Ov,225,-120
2019-01-06,TOR,IND,121,105,30,12,4,3,-1,Ov,213,-108
2019-01-07,BOS,BKN,116,95,24,15,6,2,-10.5,Un,219,-579
2019-01-07,DAL,LAL,97,107,18,22,3,4,-7.5,Un,222,-295
2019-01-07,DET,SAS,107,119,17,21,4,4,2.5,Ov,214,127
2019-01-07,HOU,DEN,125,113,23,16,5,4,-1,Ov,215,-108
2019-01-07,MIL,UTA,114,102,28,11,8,1,-5.5,Un,223,-209
2019-01-07,NOR,MEM,114,95,19,22,5,4,-4.5,Un,214,-189
2019-01-07,POR,NYK,111,101,24,17,2,5,-11,Un,222,-780
2019-01-07,SAC,ORL,111,95,20,20,2,7,-4.5,Un,223,-185
2019-01-08,CLE,IND,115,123,8,33,1,8,9.5,Ov,208,396
2019-01-08,GSW,NYK,122,95,27,14,6,2,-17,Un,232,-2777
2019-01-08,LAC,CHA,128,109,24,16,7,1,-6.5,Ov,231,-245
2019-01-08,MIA,DEN,99,103,19,20,3,8,-2,Un,209,-128
2019-01-08,OKC,MIN,117,119,25,15,3,4,-8,Ov,228,-362
2019-01-08,PHI,WAS,132,115,27,14,4,6,-8,Ov,227,-333
2019-01-08,PHO,SAC,115,111,10,32,1,8,4,Un,227,145
2019-01-08,TOR,ATL,104,101,31,12,4,3,-13.5,Un,228,-1124
2019-01-09,BOS,IND,135,108,25,15,6,2,-7,Ov,216,-287
2019-01-09,BKN,ATL,116,100,21,22,5,3,-8.5,Un,226,-367
2019-01-09,DAL,PHO,104,94,19,22,3,4,-11,Un,217,-614
2019-01-09,HOU,MIL,109,116,23,17,5,4,2,Un,229,112
2019-01-09,LAL,DET,113,100,23,19,5,2,-1,Un,216,-110
2019-01-09,MEM,SAS,96,86,19,22,4,4,2.5,Un,205,121
2019-01-09,NOR,CLE,140,124,20,22,5,4,-14.5,Ov,225,-1423
2019-01-09,POR,CHI,124,112,25,17,2,5,-9.5,Ov,209,-485
2019-01-09,UTA,ORL,106,93,21,21,2,4,-9.5,Un,208,-424
2019-01-09,WAS,PHI,123,106,17,25,5,4,3.5,Ov,227,144
2019-01-10,DEN,LAC,121,100,28,12,5,0,-5.5,Un,226,-213
2019-01-10,MIA,BOS,115,99,20,20,3,8,2.5,Ov,211,120
2019-01-10,SAC,DET,112,102,21,21,2,8,-8,Un,220,-330
2019-01-10,SAS,OKC,154,147,25,18,4,5,1.5,Ov,224,107
2019-01-11,GSW,CHI,146,109,28,14,6,2,-15.5,Ov,220,-1617
2019-01-11,HOU,CLE,141,113,24,17,5,4,-13.5,Ov,217,-1264
2019-01-11,MIN,DAL,115,119,20,22,4,3,-5,Ov,224,-186
2019-01-11,NYK,IND,106,121,10,32,2,7,8,Ov,218,316
2019-01-11,PHI,ATL,121,123,27,16,4,6,-9.5,Ov,234,-520
2019-01-11,POR,CHA,127,96,26,17,2,5,-6.5,Pu,223,-269
2019-01-11,TOR,BKN,122,105,32,12,5,3,-10,Ov,224,-525
2019-01-11,UTA,LAL,113,95,22,21,2,4,-8.5,Un,215,-363
2019-01-11,WAS,MIL,113,106,18,25,5,4,1.5,Un,227,115
2019-01-12,LAC,DET,104,109,24,18,7,1,-7,Un,222,-279
2019-01-12,MIA,MEM,112,108,21,20,3,8,-3.5,Ov,195,-158
2019-01-12,MIN,NOR,110,106,21,22,4,3,1.5,Un,237,108
2019-01-12,OKC,SAS,122,112,26,16,3,4,-6,Ov,226,-260
2019-01-12,ORL,BOS,105,103,18,24,3,4,7,Un,214,243
2019-01-12,PHO,DEN,102,93,11,33,1,8,9,Un,217,366
2019-01-12,SAC,CHA,104,97,22,21,2,8,-6,Un,233,-222
2019-01-12,UTA,CHI,110,102,23,21,2,4,-12,Ov,207,-732
2019-01-13,ATL,MIL,114,133,13,30,5,4,9.5,Ov,232,393
2019-01-13,DAL,GSW,114,119,20,23,3,4,5.5,Ov,227,205
2019-01-13,DEN,POR,116,113,29,13,6,0,-4.5,Ov,216,-172
2019-01-13,LAL,CLE,95,101,23,21,5,2,-10.5,Un,221,-583
2019-01-13,NYK,PHI,105,108,10,33,2,8,8.5,Un,229,336
2019-01-13,ORL,HOU,116,109,19,24,3,4,5,Ov,214,181
2019-01-13,WAS,TOR,138,140,18,26,5,4,5,Ov,224,181
2019-01-14,BKN,BOS,109,102,22,23,6,4,2.5,Un,217,118
2019-01-14,HOU,MEM,112,94,25,18,6,4,-3.5,Un,208,-147
2019-01-14,LAC,NOR,117,121,24,19,7,1,1.5,Un,240,109
2019-01-14,SAC,POR,115,107,23,21,2,8,-2,Un,227,-123
2019-01-14,SAS,CHA,93,108,25,20,4,5,-7.5,Un,220,-320
2019-01-14,UTA,DET,100,94,24,21,2,4,-7.5,Un,208,-320
2019-01-15,ATL,OKC,142,126,14,30,5,4,9.5,Ov,235,405
2019-01-15,DEN,GSW,111,142,29,14,6,0,2,Ov,228,127
2019-01-15,IND,PHO,131,97,29,14,7,2,-10.5,Ov,218,-603
2019-01-15,LAL,CHI,107,100,24,21,5,2,-7,Un,216,-276
2019-01-15,MIL,MIA,124,86,31,12,8,1,-8.5,Un,218,-374
2019-01-15,PHI,MIN,149,107,29,16,5,6,-6,Ov,234,-235
2019-01-16,BOS,TOR,117,108,26,18,7,3,-2.5,Ov,223,-138
2019-01-16,DAL,SAS,101,105,20,24,3,5,-1,Un,217,-117
2019-01-16,DET,ORL,120,115,19,24,4,4,-3.5,Ov,207,-172
2019-01-16,GSW,NOR,147,140,31,14,6,2,-7,Ov,242,-279
2019-01-16,HOU,BKN,142,145,25,19,6,4,-6,Ov,226,-217
2019-01-16,LAC,UTA,109,129,24,20,7,1,-1,Ov,223,-106
2019-01-16,MEM,MIL,101,111,19,25,4,5,6,Un,213,202
2019-01-16,POR,CLE,129,112,27,19,2,6,-14,Ov,217,-1224
2019-01-17,CHA,SAC,114,95,21,23,6,2,-2.5,Un,229,-140
2019-01-17,DEN,CHI,135,105,30,14,6,0,-14,Ov,214,-1266
2019-01-17,IND,PHI,96,120,29,15,7,2,-3,Un,224,-150
2019-01-17,OKC,LAL,128,138,26,18,3,4,-10,Ov,226,-476
2019-01-17,TOR,PHO,111,109,34,13,5,4,-9,Un,223,-418
2019-01-17,WAS,NYK,101,100,19,26,5,4,-7.5,Un,228.5,-288
2019-01-18,BOS,MEM,122,116,27,18,7,3,-10,Ov,207,-525
2019-01-18,DET,MIA,98,93,20,24,4,4,-2.5,Un,206,-136
2019-01-18,LAC,GSW,94,112,24,21,7,2,7.5,Un,242,264
2019-01-18,MIN,SAS,113,116,21,24,4,3,-1.5,Ov,227,-111
2019-01-18,ORL,BKN,115,117,19,26,3,4,-2.5,Ov,217,-136
2019-01-18,POR,NOR,128,112,28,19,2,6,-3,Ov,235,-149
2019-01-18,UTA,CLE,115,99,26,21,2,4,-16,Un,215,-1801
2019-01-19,ATL,BOS,105,113,14,31,5,4,6.5,Un,226,241
2019-01-19,CHA,PHO,135,115,22,23,6,2,-7,Ov,224,-287
2019-01-19,CHI,MIA,103,117,10,36,2,7,3.5,Ov,208,152
2019-01-19,DEN,CLE,124,102,31,14,6,0,-18,Ov,219,-2626
2019-01-19,DET,SAC,101,103,20,25,4,4,1.5,Un,222,-102
2019-01-19,HOU,LAL,138,134,26,19,6,4,-7,Ov,229,-284
2019-01-19,IND,DAL,111,99,30,15,7,2,-7.5,Un,215,-298
2019-01-19,ORL,MIL,108,118,19,27,3,4,10,Ov,222,440
2019-01-19,PHI,OKC,115,117,30,17,5,6,-3.5,Un,235,-177
2019-01-19,TOR,MEM,119,90,35,13,5,4,-10.5,Un,213,-590
2019-01-20,IND,CHA,120,95,31,15,7,2,-8,Un,219,-320
2019-01-20,MIN,PHO,116,114,22,24,4,3,-12,Pu,230,-926
2019-01-20,SAS,LAC,95,103,27,21,5,5,-9.5,Un,221,-450
2019-01-21,ATL,ORL,103,122,14,32,5,5,-2,Ov,221,-129
2019-01-21,BOS,MIA,107,99,29,18,7,3,-8.5,Un,212,-385
2019-01-21,BKN,SAC,123,94,25,23,6,4,-3.5,Un,231,-158
2019-01-21,CLE,CHI,88,104,9,39,1,9,2.5,Un,213,125
2019-01-21,LAL,GSW,111,130,25,23,5,3,13,Ov,233,821
2019-01-21,MEM,NOR,85,105,19,28,4,6,-2.5,Un,221,-137
2019-01-21,MIL,DAL,116,106,34,12,8,1,-11,Un,224,-674
2019-01-21,NYK,OKC,109,127,10,35,2,8,9,Ov,225,354
2019-01-21,PHI,HOU,121,93,31,17,5,6,-4.5,Un,234,-180
2019-01-21,UTA,POR,104,109,26,22,2,5,-5,Un,218,-212
2019-01-21,WAS,DET,101,87,20,26,5,4,-5.5,Un,215,-221
2019-01-22,DAL,LAC,106,98,21,26,3,5,-3,Un,223,-155
2019-01-22,OKC,POR,123,114,29,18,4,4,-4,Ov,225,-165
2019-01-22,PHO,MIN,91,118,11,38,1,8,4,Un,232,156
2019-01-22,TOR,SAC,120,105,36,13,5,4,-11,Un,226,-645
2019-01-23,BOS,CLE,123,103,30,18,7,3,-15,Ov,213,-1621
2019-01-23,BKN,ORL,114,110,26,23,6,4,-5,Ov,218,-190
2019-01-23,CHI,ATL,101,121,11,37,3,7,-1.5,Un,224,-116
2019-01-23,IND,TOR,110,106,32,15,7,2,-6.5,Un,217,-234
2019-01-23,MEM,CHA,107,118,19,29,4,6,-2,Ov,209,-123
2019-01-23,MIA,LAC,99,111,22,24,3,8,-5.5,Un,215,-217
2019-01-23,NOR,DET,94,98,22,26,6,4,-5,Un,222,-194
2019-01-23,NYK,HOU,110,114,10,36,2,8,8,Un,227,295
2019-01-23,PHI,SAS,122,120,32,17,5,6,-3.5,Ov,225,-177
2019-01-23,UTA,DEN,114,108,27,22,3,5,-4,Ov,216,-170
2019-01-24,LAL,MIN,105,120,25,24,5,3,-2,Un,231,-124
2019-01-24,OKC,NOR,122,116,30,18,4,4,-14,Ov,231,-1285
2019-01-24,PHO,POR,106,120,11,39,1,8,8.5,Ov,221,325
2019-01-24,WAS,GSW,118,126,20,27,5,4,9,Ov,234,380
2019-01-25,BKN,NYK,109,99,27,23,7,4,-8.5,Un,221,-398
2019-01-25,CHI,LAC,101,106,11,38,3,7,4.5,Un,223,172
2019-01-25,CLE,MIA,94,100,9,41,1,9,8.5,Un,207,334
2019-01-25,DAL,DET,106,101,22,26,3,5,-4.5,Pu,207,-182
2019-01-25,DEN,PHO,132,95,32,15,6,1,-15,Ov,222,-1571
2019-01-25,HOU,TOR,121,119,28,20,6,4,3.5,Ov,228,141
2019-01-25,MEM,SAC,96,99,19,30,4,6,-2,Un,214,-135
2019-01-25,MIL,CHA,108,99,35,12,8,1,-11,Un,229,-733
2019-01-25,ORL,WAS,91,95,20,29,4,5,-3,Un,217,-156
2019-01-25,UTA,MIN,106,102,28,22,4,5,-10.5,Un,218,-533
2019-01-26,BOS,GSW,111,115,30,19,7,3,3.5,Un,232,149
2019-01-26,DEN,PHI,126,110,33,15,6,1,-10.5,Ov,227,-529
2019-01-26,MEM,IND,106,103,20,30,4,6,5,Ov,202,184
2019-01-26,NOR,SAS,114,126,22,28,6,5,4.5,Ov,227,166
2019-01-26,POR,ATL,120,111,31,20,3,7,-8.5,Ov,224,-381
2019-01-27,CHI,CLE,101,104,11,39,3,8,-4.5,Un,212,-188
2019-01-27,DAL,TOR,120,123,22,27,3,5,4.5,Ov,220,166
2019-01-27,HOU,ORL,103,98,29,20,6,4,-8.5,Un,221,-370
2019-01-27,LAC,SAC,122,108,28,22,8,2,-3.5,Un,230,-157
2019-01-27,LAL,PHO,116,102,26,24,6,3,-7.5,Un,227,-322
2019-01-27,MIN,UTA,111,125,24,26,4,5,5.5,Ov,217,181
2019-01-27,NYK,MIA,97,106,10,38,2,9,5,Un,210,184
2019-01-27,OKC,MIL,118,112,31,18,4,4,-1,Un,235,-104
2019-01-27,SAS,WAS,132,119,29,22,6,5,-4,Ov,220,-180
2019-01-28,BOS,BKN,112,104,31,19,8,3,-9,Un,219,-418
2019-01-28,CHA,NYK,101,92,24,25,6,2,-11.5,Un,220,-795
2019-01-28,IND,GSW,100,132,32,17,7,2,7,Ov,229,280
2019-01-28,LAC,ATL,118,123,28,23,8,2,-6,Ov,233,-267
2019-01-28,MEM,DEN,92,95,20,31,4,6,5.5,Un,205,205
2019-01-29,BKN,CHI,122,117,28,24,7,5,-6.5,Ov,220,-264
2019-01-29,CLE,WAS,116,113,11,41,2,9,7.5,Ov,218,284
2019-01-29,DET,MIL,105,115,21,28,4,5,7,Ov,216,248
2019-01-29,HOU,NOR,116,121,29,21,6,5,-13.5,Ov,233,-1250
2019-01-29,LAL,PHI,105,121,26,25,6,3,7.5,Un,230,265
2019-01-29,ORL,OKC,117,126,20,31,4,5,3,Ov,222,132
2019-01-29,SAS,PHO,126,124,30,22,6,5,-13.5,Ov,225,-1188
2019-01-30,BOS,CHA,126,94,32,19,8,3,-7.5,Ov,214,-309
2019-01-30,MIA,CHI,89,105,24,25,3,8,-10,Un,206,-540
2019-01-30,MIN,MEM,99,97,25,26,4,5,-3,Un,207,-154
2019-01-30,NOR,DEN,99,105,23,29,7,5,9,Un,225,393
2019-01-30,NYK,DAL,90,114,10,40,2,9,6.5,Un,215,256
2019-01-30,POR,UTA,132,105,32,20,4,7,2.5,Ov,219,113
2019-01-30,SAC,ATL,135,113,26,25,2,9,-4.5,Ov,236,-207
2019-01-30,WAS,IND,107,89,22,29,6,4,-1,Un,218,-114
2019-01-31,DET,DAL,93,89,22,28,4,5,-7.5,Un,205,-282
2019-01-31,GSW,PHI,104,113,36,15,8,2,-8,Un,240,-355
2019-01-31,LAC,LAL,120,123,28,24,8,3,2,Ov,231,116
2019-01-31,ORL,IND,107,100,21,31,4,5,-3.5,Un,208,-157
2019-01-31,SAS,BKN,117,114,31,22,6,5,-8,Ov,226,-345
2019-01-31,TOR,MIL,92,105,37,16,5,4,-2.5,Un,232,-139
2019-02-01,CHA,MEM,100,92,25,26,6,2,-8,Un,204,-334
2019-02-01,DEN,HOU,136,122,36,15,6,1,-3.5,Ov,223,-154
2019-02-01,MIA,OKC,102,118,24,26,3,8,3.5,Ov,218,151
2019-02-01,NYK,BOS,99,113,10,41,2,10,14,Un,214,945
2019-02-01,UTA,ATL,128,112,30,23,5,6,-12,Ov,227,-833
2019-02-02,CHA,CHI,125,118,26,26,6,2,-6.5,Ov,216,-273
2019-02-02,CLE,DAL,98,111,11,42,2,9,5.5,Un,210,195
2019-02-02,DET,LAC,101,111,22,29,4,5,-2,Un,215,-137
2019-02-02,GSW,LAL,115,101,37,15,9,2,-14.5,Un,234,-1693
2019-02-02,MIA,IND,88,95,24,27,3,8,-2,Un,204,-124
2019-02-02,MIN,DEN,106,107,25,27,4,6,-1.5,Un,221,-111
2019-02-02,ORL,BKN,102,89,22,31,4,5,-3,Un,221,-149
2019-02-02,PHO,ATL,112,118,11,43,1,9,-2,Un,235,-126
2019-02-02,SAC,PHI,115,108,27,25,2,9,3,Un,232,131
2019-02-02,SAS,NOR,113,108,32,22,7,5,-10.5,Un,230,-565
2019-02-02,UTA,HOU,98,125,30,24,5,6,-7,Ov,222,-282
2019-02-02,WAS,MIL,115,131,22,30,6,4,6,Ov,227,223
2019-02-03,BOS,OKC,134,129,34,19,9,3,-4,Ov,228,-172
2019-02-03,NYK,MEM,84,96,10,42,2,10,2.5,Un,199,121
2019-02-03,TOR,LAC,121,103,38,16,5,4,-9,Un,225,-447
2019-02-04,BKN,MIL,94,113,28,27,7,5,7.5,Un,230,260
2019-02-04,DET,DEN,129,103,23,29,4,5,1.5,Ov,210,101
2019-02-04,NOR,IND,107,109,23,31,7,6,3.5,Un,219,144
2019-02-04,PHO,HOU,110,118,11,44,1,9,8.5,Ov,227,346
2019-02-04,SAC,SAS,127,112,28,25,2,9,2,Ov,231,113
2019-02-04,WAS,ATL,129,137,22,31,6,5,-7,Ov,230,-273
2019-02-05,CHA,LAC,115,117,26,27,6,2,-3,Ov,223,-158
2019-02-05,CLE,BOS,96,103,11,43,2,9,10.5,Un,210,507
2019-02-05,IND,LAL,136,94,35,19,7,2,2.5,Ov,218,121
2019-02-05,MEM,MIN,108,106,22,33,4,6,4,Ov,206,152
2019-02-05,NYK,DET,92,105,10,43,2,10,3,Un,206,136
2019-02-05,OKC,ORL,132,122,34,19,4,4,-8.5,Ov,223,-430
2019-02-05,PHI,TOR,107,119,34,20,5,7,-2,Un,229,-127
2019-02-05,POR,MIA,108,118,32,21,4,7,-7,Ov,212,-325
2019-02-06,BKN,DEN,135,130,29,27,7,5,3,Ov,227,140
2019-02-06,CHI,NOR,120,125,12,42,3,8,1.5,Ov,226,106
2019-02-06,DAL,CHA,99,93,25,28,3,5,-5.5,Un,215,-224
2019-02-06,GSW,SAS,141,102,38,15,9,2,-15,Ov,231,-1379
2019-02-06,MIL,WAS,148,129,40,13,9,1,-12,Ov,229,-779
2019-02-06,SAC,HOU,101,127,28,26,2,9,3.5,Un,235,145
2019-02-06,UTA,PHO,116,88,31,24,5,6,-15,Un,217,-1471
2019-02-07,ATL,TOR,101,119,18,36,6,5,6.5,Un,232,237
2019-02-07,BOS,LAL,128,129,35,20,9,3,-9,Ov,228,-418
2019-02-07,IND,LAC,116,92,36,19,7,2,-6.5,Un,221,-253
2019-02-07,OKC,MEM,117,95,35,19,4,4,-13.5,Un,215,-1306
2019-02-07,ORL,MIN,122,112,23,32,4,5,-3.5,Ov,214,-166
2019-02-07,POR,SAS,127,118,33,21,4,7,-6,Ov,226,-253
2019-02-08,BKN,CHI,106,125,29,28,7,5,-8,Ov,227,-337
2019-02-08,DAL,MIL,107,122,25,29,3,5,6,Ov,226,206
2019-02-08,DET,NYK,120,103,25,29,4,5,-8,Ov,204,-351
2019-02-08,NOR,MIN,122,117,25,31,7,6,-6,Ov,230,-230
2019-02-08,PHI,DEN,117,110,35,20,5,7,-6.5,Un,229,-255
2019-02-08,PHO,GSW,107,117,11,46,1,10,17,Un,229,1397
2019-02-08,SAC,MIA,102,96,29,26,2,9,-3.5,Un,220,-168
2019-02-08,WAS,CLE,119,106,23,32,6,5,-10,Ov,221,-494
2019-02-09,ATL,CHA,120,129,18,37,6,6,2,Ov,228,118
2019-02-09,BOS,LAC,112,123,35,21,9,3,-11.5,Ov,228,-800
2019-02-09,CHI,WAS,125,134,13,43,3,8,2,Ov,226,111
2019-02-09,HOU,OKC,112,117,32,23,6,5,-2.5,Un,238,-133
2019-02-09,IND,CLE,105,90,37,19,8,2,-14,Un,210,-1350
2019-02-09,MEM,NOR,99,90,23,34,5,6,-1.5,Un,214,-112
2019-02-09,MIL,ORL,83,103,41,14,9,1,-6.5,Un,222,-259
2019-02-09,NYK,TOR,99,104,10,45,2,11,13.5,Un,215,837
2019-02-09,UTA,SAS,125,105,32,24,5,6,-8,Ov,219,-333
2019-02-10,ATL,ORL,108,124,18,38,6,7,1,Ov,223,101
2019-02-10,DAL,POR,102,101,26,29,3,5,3,Un,220,139
2019-02-10,GSW,MIA,120,118,40,15,10,2,-13.5,Ov,221,-1326
2019-02-10,PHI,LAL,143,120,36,20,5,7,-7,Ov,234,-278
2019-02-10,SAC,PHO,117,104,30,26,3,9,-9,Un,230,-379
2019-02-11,CHI,MIL,99,112,13,44,3,9,11,Un,226,559
2019-02-11,CLE,NYK,107,104,12,45,2,10,-1,Ov,209,-113
2019-02-11,DEN,MIA,103,87,38,18,7,1,-9.5,Un,212,-464
2019-02-11,DET,WAS,121,112,26,29,4,5,-6,Ov,224,-246
2019-02-11,HOU,DAL,120,104,33,23,7,5,-11,Pu,224,-631
2019-02-11,IND,CHA,99,90,38,19,8,2,-5.5,Un,214,-224
2019-02-11,MIN,LAC,130,120,26,30,4,6,-3.5,Ov,232,-169
2019-02-11,OKC,POR,120,111,37,19,5,4,-4.5,Un,232,-183
2019-02-11,TOR,BKN,127,125,42,16,8,4,-10,Ov,227,-567
2019-02-12,ATL,LAL,117,113,19,38,6,7,5.5,Un,240,205
2019-02-12,GSW,UTA,115,108,41,15,10,2,-9,Un,229,-434
2019-02-12,MEM,SAS,107,108,23,35,5,7,7,Ov,207,255
2019-02-12,NOR,ORL,88,118,25,33,7,7,-4.5,Un,223,-185
2019-02-12,PHI,BOS,109,112,36,21,5,8,-6.5,Un,225,-289
2019-02-13,BOS,DET,118,110,37,21,10,3,-3.5,Ov,210,-164
2019-02-13,CHI,MEM,122,110,14,44,3,9,-2,Ov,207,-118
2019-02-13,CLE,BKN,139,148,12,46,2,10,7.5,Ov,224,271
2019-02-13,DAL,MIA,101,112,26,31,3,6,-3,Ov,207,-150
2019-02-13,DEN,SAC,120,118,39,18,7,1,-7.5,Ov,233,-322
2019-02-13,IND,MIL,97,106,38,20,8,3,4.5,Un,219,169
2019-02-13,LAC,PHO,134,107,32,27,9,3,-7.5,Ov,232,-315
2019-02-13,MIN,HOU,121,111,27,30,4,6,4,Pu,232,155
2019-02-13,NYK,PHI,111,126,10,47,2,12,9.5,Ov,222,437
2019-02-13,POR,GSW,129,107,34,23,4,8,2,Ov,235,115
2019-02-13,TOR,WAS,129,120,43,16,8,4,-9.5,Ov,232,-465
2019-02-14,ATL,NYK,91,106,19,39,6,7,-7.5,Un,227,-314
2019-02-14,NOR,OKC,131,122,26,33,7,7,4,Ov,238,162
2019-02-14,ORL,CHA,127,89,27,32,6,5,-4,Ov,215,-170
2019-02-21,BKN,POR,99,113,30,30,7,6,3,Un,231,136
2019-02-21,CLE,PHO,111,98,13,46,2,10,-1,Un,221,-113
2019-02-21,GSW,SAC,125,123,42,16,11,2,-12.5,Ov,239,-825
2019-02-21,LAL,HOU,111,106,29,29,7,4,3,Un,233,136
2019-02-21,MIL,BOS,98,97,44,14,11,1,-6.5,Un,227,-246
2019-02-21,PHI,MIA,106,102,38,21,6,8,-5.5,Un,220,-237
2019-02-22,ATL,DET,122,125,19,40,6,7,4.5,Ov,221,168
2019-02-22,CHA,WAS,123,110,28,30,8,3,-5,Ov,232,-214
2019-02-22,DAL,DEN,104,114,26,32,3,6,7,Un,222,240
2019-02-22,IND,NOR,126,111,39,20,8,3,-5,Ov,223,-194
2019-02-22,MEM,LAC,106,112,23,37,5,7,3,Ov,217,133
2019-02-22,NYK,MIN,104,115,11,48,2,12,4,Un,220,164
2019-02-22,OKC,UTA,148,147,38,20,6,4,-4,Ov,227,-169
2019-02-22,ORL,CHI,109,110,27,33,6,5,-8,Ov,216,-350
2019-02-22,TOR,SAS,120,117,44,16,8,4,-8,Ov,226,-357
2019-02-23,ATL,PHO,120,112,20,40,6,7,-3.5,Un,233,-154
2019-02-23,CHA,BKN,115,117,28,31,8,3,-3.5,Ov,228,-158
2019-02-23,CHI,BOS,126,116,16,44,3,9,10,Ov,220,453
2019-02-23,CLE,MEM,112,107,14,46,2,10,-1.5,Ov,209,-113
2019-02-23,GSW,HOU,112,118,42,17,11,2,-12,Un,232,-744
2019-02-23,MIA,DET,96,119,26,32,3,8,-3.5,Ov,209,-160
2019-02-23,MIL,MIN,140,128,45,14,11,1,-13,Ov,233,-948
2019-02-23,NOR,LAL,128,115,27,34,7,7,6.5,Ov,234,217
2019-02-23,OKC,SAC,116,119,38,21,6,4,-6,Un,240,-241
2019-02-23,PHI,POR,115,130,38,22,6,8,-1.5,Ov,230,-123
2019-02-23,UTA,DAL,125,109,33,26,5,7,-11.5,Ov,215,-723
2019-02-23,WAS,IND,112,119,24,36,6,6,-1,Ov,227,-110
2019-02-24,DEN,LAC,123,96,41,18,7,1,-9,Un,235,-467
2019-02-24,NYK,SAS,130,118,12,48,2,12,9,Ov,226,381
2019-02-24,TOR,ORL,98,113,44,17,8,4,-7,Un,216,-284
2019-02-25,BKN,SAS,101,85,32,30,7,6,-1.5,Un,233,-120
2019-02-25,CHA,GSW,110,121,28,32,8,3,8.5,Un,233,321
2019-02-25,CHI,MIL,106,117,16,45,3,10,7.5,Un,224,293
2019-02-25,CLE,POR,110,123,14,47,2,10,9,Ov,224,351
2019-02-25,DET,IND,113,109,29,30,5,5,-2.5,Ov,211,-137
2019-02-25,HOU,ATL,119,111,35,25,7,5,-12.5,Un,235,-949
2019-02-25,LAC,DAL,121,112,34,28,9,3,-3.5,Ov,230,-164
2019-02-25,MEM,LAL,110,105,24,38,5,7,5,Un,222,191
2019-02-25,MIA,PHO,121,124,26,33,3,8,-7.5,Ov,217,-318
2019-02-25,MIN,SAC,112,105,29,31,4,6,-3.5,Un,236,-154
2019-02-25,NOR,PHI,110,111,27,35,7,7,2.5,Un,241,121
2019-02-26,DEN,OKC,121,112,42,18,8,1,-3.5,Un,238,-160
2019-02-26,NYK,ORL,108,103,13,48,2,12,7.5,Un,215,260
2019-02-26,TOR,BOS,118,95,45,17,9,4,-3.5,Un,225,-158
2019-02-27,ATL,MIN,131,123,21,41,6,7,5,Ov,234,173
2019-02-27,BOS,POR,92,97,37,25,10,4,-3,Un,228,-147
2019-02-27,BKN,WAS,116,125,32,31,7,6,-5,Ov,237,-210
2019-02-27,CHA,HOU,113,118,28,33,8,3,5,Ov,227,181
2019-02-27,DAL,IND,110,101,27,34,3,6,1,Un,214,-103
2019-02-27,LAL,NOR,125,119,30,31,7,4,-7,Ov,239,-295
2019-02-27,MEM,CHI,107,109,24,39,5,7,-3,Pu,216,-150
2019-02-27,MIA,GSW,126,125,27,33,3,8,9.5,Ov,225,393
2019-02-27,SAC,MIL,140,141,31,30,3,10,6.5,Ov,238,227
2019-02-27,SAS,DET,105,93,34,29,8,5,-4.5,Un,220,-174
2019-02-27,UTA,LAC,111,105,34,26,5,7,-10,Un,227,-513
2019-02-28,DEN,UTA,104,111,42,19,8,2,-7.5,Un,225,-301
2019-02-28,HOU,MIA,121,118,37,25,7,5,-9.5,Ov,219,-444
2019-02-28,IND,MIN,122,115,41,22,8,4,-3.5,Ov,222,-164
2019-02-28,NYK,CLE,118,125,13,49,2,12,-1.5,Ov,221,-118
2019-02-28,OKC,PHI,104,108,38,23,6,5,-3.5,Un,239,-165
2019-02-28,ORL,GSW,103,96,29,34,6,5,4.5,Un,224,161
2019-03-01,ATL,CHI,161,168,21,42,6,7,-1,Ov,230,-104
2019-03-01,BOS,WAS,107,96,38,25,10,4,-10,Un,234,-511
2019-03-01,BKN,CHA,112,123,32,32,7,6,-2.5,Ov,228,-141
2019-03-01,LAL,MIL,120,131,30,32,7,4,5.5,Ov,239,200
2019-03-01,PHO,NOR,116,130,12,51,1,12,4.5,Ov,239,165
2019-03-01,SAC,LAC,109,116,31,31,3,11,-3,Un,239,-146
2019-03-01,TOR,POR,119,117,46,17,9,4,-5,Ov,229,-205
2019-03-02,CLE,DET,93,129,15,48,2,11,7.5,Ov,214,281
2019-03-02,DAL,MEM,81,111,27,35,3,7,-4.5,Un,215,-206
2019-03-02,DEN,NOR,112,120,42,20,8,2,-13.5,Un,238,-1090
2019-03-02,IND,ORL,112,117,41,23,8,4,-3,Ov,209,-147
2019-03-02,MIA,BKN,117,88,28,34,3,8,-2,Un,222,-127
2019-03-02,PHI,GSW,117,120,40,23,6,8,5,Un,238,181
2019-03-02,PHO,LAL,118,109,13,51,2,12,6.5,Un,235,239
2019-03-02,SAS,OKC,116,102,35,29,8,5,-5,Un,229,-197
2019-03-02,UTA,MIL,115,111,36,26,6,7,-4.5,Ov,223,-189
2019-03-03,BOS,HOU,104,115,38,26,10,4,-2,Un,226,-135
2019-03-03,CHA,POR,108,118,29,34,8,3,2.5,Ov,224,123
2019-03-03,CHI,ATL,118,123,18,46,3,10,-4,Ov,228,-170
2019-03-03,CLE,ORL,107,93,16,48,2,11,6,Un,214,205
2019-03-03,DET,TOR,112,107,31,31,6,5,2,Ov,218,114
2019-03-03,LAC,NYK,128,107,36,29,10,3,-10,Ov,226,-567
2019-03-03,OKC,MEM,99,95,39,24,6,5,-9.5,Un,218,-495
2019-03-03,WAS,MIN,135,121,26,37,6,6,1,Ov,240,102
2019-03-04,BKN,DAL,127,88,33,33,7,6,-5.5,Un,227,-230
2019-03-04,LAL,LAC,105,113,30,34,7,6,-3.5,Un,237,-158
2019-03-04,MIA,ATL,114,113,29,34,4,8,-10,Ov,222,-517
2019-03-04,PHO,MIL,114,105,14,51,2,12,13,Un,232,750
2019-03-04,SAC,NYK,115,108,32,31,3,11,-11,Un,229,-612
2019-03-04,SAS,DEN,104,103,36,29,8,5,-1.5,Un,229,-118
2019-03-04,UTA,NOR,112,115,36,27,6,7,-9.5,Un,231,-502
2019-03-05,GSW,BOS,95,128,44,20,11,2,-6.5,Un,228,-270
2019-03-05,IND,CHI,105,96,42,23,9,4,-6.5,Un,217,-277
2019-03-05,MEM,POR,120,111,26,40,6,7,5.5,Ov,215,199
2019-03-05,MIN,OKC,131,120,30,34,5,6,1.5,Ov,236,115
2019-03-05,PHI,ORL,114,106,41,23,6,8,-4,Un,222,-185
2019-03-05,TOR,HOU,95,107,46,19,9,4,-3.5,Un,228,-160
2019-03-06,ATL,SAS,104,111,22,44,6,8,5.5,Un,234,191
2019-03-06,BKN,CLE,113,107,34,33,7,6,-9.5,Un,228,-465
2019-03-06,CHA,MIA,84,91,29,35,8,4,-3.5,Un,215,-150
2019-03-06,CHI,PHI,108,107,19,47,3,11,3.5,Un,229,150
2019-03-06,DET,MIN,131,114,32,31,6,5,-4.5,Ov,223,-194
2019-03-06,LAL,DEN,99,115,30,35,7,6,5,Un,231,183
2019-03-06,NOR,UTA,104,114,30,37,7,7,4.5,Un,230,176
2019-03-06,PHO,NYK,107,96,15,51,2,12,-3.5,Un,227,-167
2019-03-06,SAC,BOS,109,111,32,32,3,11,2,Un,226,114
2019-03-06,WAS,DAL,132,123,27,37,6,6,-5,Ov,233,-201
2019-03-07,MIL,IND,117,98,49,16,13,1,-10,Un,223,-476
2019-03-07,POR,OKC,121,129,39,26,4,9,-3.5,Ov,233,-160
2019-03-08,CHA,WAS,112,111,30,35,9,4,-4.5,Un,234,-185
2019-03-08,CHI,DET,104,112,19,48,3,12,3.5,Un,218,147
2019-03-08,GSW,DEN,122,105,45,20,11,2,-6.5,Un,235,-277
2019-03-08,HOU,PHI,107,91,40,25,7,5,-7.5,Un,230,-320
2019-03-08,LAC,OKC,118,110,38,29,11,3,-2,Un,236,-127
2019-03-08,MEM,UTA,114,104,27,40,6,7,4.5,Ov,209,174
2019-03-08,MIA,CLE,126,110,31,34,5,8,-9,Ov,213,-385
2019-03-08,NOR,TOR,104,127,30,38,7,7,9.5,Ov,230,346
2019-03-08,ORL,DAL,111,106,31,36,6,5,-6.5,Ov,214,-262
2019-03-09,ATL,BKN,112,114,22,45,6,8,4.5,Un,238,155
2019-03-09,LAL,BOS,107,120,30,36,7,6,7.5,Ov,220,249
2019-03-09,MIL,CHA,131,114,50,16,13,1,-12,Ov,227,-827
2019-03-09,MIN,WAS,135,130,31,35,5,6,-7,Ov,242,-278
2019-03-09,NYK,SAC,94,102,13,53,2,12,5.5,Un,225,193
2019-03-09,POR,PHO,127,120,40,26,4,9,-12,Ov,226,-811
2019-03-10,ATL,NOR,128,116,23,45,6,8,-1.5,Ov,238,-116
2019-03-10,DAL,HOU,93,94,27,39,3,8,8,Un,222,330
2019-03-10,DET,CHI,131,108,34,31,8,5,-9,Ov,213,-376
2019-03-10,GSW,PHO,111,115,45,21,11,3,-17,Un,234,-2195
2019-03-10,MEM,ORL,105,97,28,40,6,7,-1,Un,208,-111
2019-03-10,MIA,TOR,104,125,31,35,5,8,-2,Ov,214,-125
2019-03-10,MIN,NYK,103,92,32,35,5,6,-6,Un,222,-243
2019-03-10,PHI,IND,106,89,42,25,6,8,-6,Un,218,-259
2019-03-10,SAS,MIL,121,114,38,29,8,5,2,Ov,229,119
2019-03-11,BKN,DET,103,75,36,33,7,6,-2.5,Un,223,-132
2019-03-11,CLE,TOR,126,101,17,50,2,11,8.5,Ov,224,354
2019-03-11,HOU,CHA,118,106,42,25,8,5,-10,Ov,222,-522
2019-03-11,LAC,BOS,140,115,39,29,11,3,2,Ov,227,112
2019-03-11,UTA,OKC,89,98,37,29,6,8,-3.5,Un,227,-163
2019-03-11,WAS,SAC,121,115,28,39,6,7,-2.5,Un,240,-133
2019-03-12,CHI,LAL,107,123,19,50,3,13,2,Ov,226,121
2019-03-12,DAL,SAS,105,112,27,40,3,9,3.5,Un,218,133
2019-03-12,DEN,MIN,133,107,44,22,9,2,-9.5,Ov,227,-542
2019-03-12,IND,NYK,103,98,43,25,9,5,-11,Un,208,-655
2019-03-12,LAC,POR,104,125,39,30,11,3,3.5,Un,231,160
2019-03-12,NOR,MIL,113,130,30,40,7,7,10.5,Ov,237,447
2019-03-12,PHI,CLE,106,99,43,25,6,8,-15,Un,223,-1708
2019-03-13,ATL,MEM,132,111,24,45,6,8,0,Ov,223,-105
2019-03-13,HOU,GSW,104,106,42,26,8,5,-4,Un,228,-180
2019-03-13,MIA,DET,108,74,32,35,5,8,-2.5,Un,208,-130
2019-03-13,OKC,BKN,108,96,42,26,8,6,-7,Un,232,-271
2019-03-13,PHO,UTA,97,114,16,53,3,12,8.5,Un,220,325
2019-03-13,WAS,ORL,100,90,29,39,7,7,-1.5,Un,226,-115
2019-03-14,BOS,SAC,126,120,42,27,10,4,-8,Ov,228,-347
2019-03-14,DEN,DAL,100,99,45,22,9,2,-11.5,Un,221,-673
2019-03-14,IND,OKC,108,106,44,25,9,5,-1,Un,218,-111
2019-03-14,ORL,CLE,120,91,32,38,6,6,-8.5,Un,212,-350
2019-03-14,TOR,LAL,111,98,49,20,9,4,-7,Un,230,-295
2019-03-14,UTA,MIN,120,100,39,29,7,8,-9,Un,220,-374
2019-03-15,DET,LAL,111,97,35,33,8,5,-12.5,Un,215,-840
2019-03-15,HOU,PHO,108,102,43,26,8,5,-12,Un,226,-898
2019-03-15,LAC,CHI,128,121,40,30,11,3,-9,Ov,229,-385
2019-03-15,MIA,MIL,98,113,32,36,5,8,5,Un,220,187
2019-03-15,NOR,POR,110,122,30,41,7,7,9,Un,232,343
2019-03-15,PHI,SAC,123,114,44,25,6,8,-10.5,Ov,233,-525
2019-03-15,SAS,NYK,109,83,40,29,9,5,-13.5,Un,213,-1088
2019-03-15,WAS,CHA,110,116,29,40,7,8,-2.5,Un,233,-145
2019-03-16,BOS,ATL,129,120,43,27,10,4,-10.5,Ov,233,-575
2019-03-16,DAL,CLE,121,116,28,41,3,9,-5.5,Ov,217,-206
2019-03-16,DEN,IND,102,100,46,22,9,2,-7,Un,214,-260
2019-03-16,NOR,PHO,136,138,30,42,7,7,-4.5,Ov,235,-186
2019-03-16,OKC,GSW,88,110,42,28,8,6,-2,Un,228,-121
2019-03-16,SAS,POR,108,103,41,29,9,5,-2.5,Un,223,-135
2019-03-16,UTA,BKN,114,98,40,29,7,8,-9,Un,218,-387
2019-03-16,WAS,MEM,135,128,30,40,7,8,-1.5,Ov,225,-117
2019-03-17,DET,TOR,110,107,36,33,8,5,-1,Ov,215,-108
2019-03-17,HOU,MIN,117,102,44,26,8,5,-9.5,Un,224,-457
2019-03-17,LAC,BKN,119,116,41,30,11,3,-6,Ov,230,-235
2019-03-17,MIA,CHA,93,75,33,36,6,8,-3,Un,210,-156
2019-03-17,MIL,PHI,125,130,52,18,13,1,-6,Ov,230,-250
2019-03-17,NYK,LAL,124,123,14,56,2,12,5,Ov,220,180
2019-03-17,ORL,ATL,101,91,33,38,7,6,-8.5,Un,225,-375
2019-03-17,SAC,CHI,129,102,34,35,3,11,-6.5,Ov,230,-260
2019-03-18,BOS,DEN,105,114,43,28,10,4,-4,Un,221,-175
2019-03-18,CLE,DET,126,119,18,53,3,11,6.5,Ov,212,230
2019-03-18,DAL,NOR,125,129,28,42,3,10,-5,Ov,232,-197
2019-03-18,OKC,MIA,107,116,42,29,8,6,-5.5,Ov,210,-224
2019-03-18,PHO,CHI,101,116,17,55,3,12,-2.5,Un,227,-139
2019-03-18,POR,IND,106,98,43,27,4,9,-4.5,Un,211,-185
2019-03-18,SAS,GSW,111,105,42,29,9,5,2.5,Un,227,130
2019-03-18,TOR,NYK,128,92,50,21,10,4,-12,Ov,213,-851
2019-03-18,WAS,UTA,95,116,30,41,7,8,5.5,Un,227,185
2019-03-19,ATL,HOU,105,121,24,48,6,9,7.5,Un,232,295
2019-03-19,CHA,PHI,114,118,31,39,10,5,-1,Ov,223,-120
2019-03-19,LAC,IND,115,109,42,30,11,3,-5.5,Ov,219,-208
2019-03-19,MIL,LAL,115,101,53,18,13,1,-11,Un,228,-589
2019-03-19,MIN,GSW,107,117,32,39,5,8,6.5,Un,229,225
2019-03-19,SAC,BKN,121,123,34,36,3,11,-3,Ov,231,-154
2019-03-20,CHI,WAS,126,120,21,52,3,13,4,Ov,229,155
2019-03-20,CLE,MIL,107,102,19,53,4,11,5.5,Un,225,209
2019-03-20,MEM,HOU,126,125,29,42,7,7,5.5,Ov,214,193
2019-03-20,NYK,UTA,116,137,14,58,2,13,12.5,Ov,210,748
2019-03-20,OKC,TOR,114,123,42,30,8,6,-5,Ov,227,-187
2019-03-20,ORL,NOR,119,96,34,38,7,6,-9,Un,224,-429
2019-03-20,PHI,BOS,118,115,47,25,7,8,-3.5,Ov,224,-157
2019-03-20,POR,DAL,126,118,44,27,4,9,-10,Ov,217,-484
2019-03-20,SAS,MIA,105,110,42,30,9,5,-5.5,Ov,211,-239
2019-03-21,ATL,UTA,117,114,25,48,6,9,7.5,Ov,226,249
2019-03-21,CHA,MIN,113,106,32,39,10,5,-6,Un,223,-234
2019-03-21,GSW,IND,112,89,49,22,11,3,-10.5,Un,218,-681
2019-03-21,PHO,DET,98,118,17,56,3,12,7,Un,217,222
2019-03-21,SAC,DAL,116,100,35,36,3,11,-9,Un,229,-401
2019-03-21,WAS,DEN,108,113,30,43,7,8,8.5,Un,229,314
2019-03-22,CLE,LAC,108,110,19,54,4,11,6.5,Un,226,248
2019-03-22,HOU,SAS,111,105,46,27,9,6,-6,Un,221,-246
2019-03-22,LAL,BKN,106,111,31,41,7,6,2.5,Un,232,123
2019-03-22,MIL,MIA,116,87,54,19,13,2,-7.5,Un,217,-320
2019-03-22,NYK,DEN,93,111,14,59,2,13,11,Un,215,582
2019-03-22,ORL,MEM,123,119,35,38,7,6,-10.5,Ov,205,-636
2019-03-22,TOR,OKC,109,116,51,22,10,4,-2,Ov,224,-124
2019-03-23,ATL,PHI,129,127,26,48,6,9,7.5,Ov,236,260
2019-03-23,CHA,BOS,124,117,33,39,10,5,4,Ov,222,151
2019-03-23,CHI,UTA,83,114,21,53,3,13,11,Un,213,520
2019-03-23,GSW,DAL,91,126,49,23,11,3,-13.5,Un,218,-1117
2019-03-23,MEM,MIN,99,112,29,44,7,7,-1,Un,217,-105
2019-03-23,POR,DET,117,112,45,27,4,9,-5,Ov,215,-212
2019-03-23,SAC,PHO,112,103,36,36,4,11,-10.5,Un,230,-615
2019-03-23,WAS,MIA,108,113,30,44,7,9,-1.5,Ov,220,-113
2019-03-24,BOS,SAS,96,115,43,31,10,5,1.5,Un,221,111
2019-03-24,GSW,DET,121,114,50,23,11,3,-10,Ov,219,-508
2019-03-24,IND,DEN,124,88,45,29,9,5,1.5,Ov,209,101
2019-03-24,LAL,SAC,111,106,32,41,8,6,-1,Un,231,-110
2019-03-24,MIL,CLE,127,105,55,19,14,2,-13.5,Ov,224,-1200
2019-03-24,NOR,HOU,90,113,31,44,8,8,10,Un,230,427
2019-03-24,NYK,LAC,113,124,14,60,2,13,8.5,Ov,223,298
2019-03-24,TOR,CHA,114,115,51,23,10,4,-11.5,Ov,223,-747
2019-03-25,MEM,OKC,115,103,30,44,7,7,7.5,Ov,216,292
2019-03-25,ORL,PHI,119,98,36,38,7,6,-2,Un,219,-125
2019-03-25,POR,BKN,148,144,46,27,4,9,-6,Ov,223,-241
2019-03-25,UTA,PHO,125,92,44,30,7,8,-14,Ov,216,-1405
2019-03-26,CHA,SAS,125,116,35,39,10,5,4,Ov,220,165
2019-03-26,CLE,BOS,106,116,19,56,4,12,5,Ov,216,214
2019-03-26,DAL,SAC,121,125,29,45,3,10,2,Ov,226,116
2019-03-26,DEN,DET,95,92,50,23,9,2,-7.5,Un,212,-315
2019-03-26,LAL,WAS,124,106,33,41,8,6,-2.5,Un,237,-139
2019-03-26,MIA,ORL,99,104,36,38,7,9,-3.5,Un,204,-157
2019-03-26,MIL,HOU,108,94,56,19,14,2,-3,Un,224,-152
2019-03-26,MIN,LAC,111,122,33,41,5,8,3,Ov,229,132
2019-03-26,NOR,ATL,120,130,31,45,8,8,2.5,Ov,242,123
2019-03-26,TOR,CHI,112,103,52,23,10,4,-14.5,Un,219,-1400
2019-03-27,CHI,POR,98,118,21,55,3,13,9,Pu,216,365
2019-03-27,MEM,GSW,103,118,30,45,7,7,9.5,Ov,220,400
2019-03-27,OKC,IND,107,99,44,31,8,6,-6.5,Un,217,-270
2019-03-27,PHO,WAS,121,124,17,59,3,13,1,Ov,230,-104
2019-03-27,UTA,LAL,115,100,45,30,7,8,-15.5,Un,218,-1757
2019-03-28,DET,ORL,115,98,38,37,8,6,-3.5,Ov,205,-149
2019-03-28,HOU,DEN,112,85,48,28,10,6,-6,Un,217,-251
2019-03-28,MIA,DAL,105,99,37,38,7,9,-6,Un,212,-243
2019-03-28,MIL,LAC,128,118,57,19,14,2,-10,Ov,231,-527
2019-03-28,NOR,SAC,121,118,32,45,8,8,6.5,Ov,234,213
2019-03-28,NYK,TOR,92,117,14,61,2,14,10,Un,219,478
2019-03-28,PHI,BKN,123,110,48,27,8,8,-7,Ov,231,-306
2019-03-28,SAS,CLE,116,110,44,32,9,6,-12,Ov,217,-775
2019-03-29,ATL,POR,98,118,27,49,6,9,2.5,Un,233,122
2019-03-29,BOS,IND,114,112,45,31,10,5,-7,Ov,213,-280
2019-03-29,LAL,CHA,129,115,34,42,8,6,2,Ov,229,110
2019-03-29,MIN,GSW,131,130,34,41,5,8,10,Ov,228,417
2019-03-29,OKC,DEN,105,115,44,32,8,7,-4.5,Ov,218,-188
2019-03-29,UTA,WAS,128,124,46,30,7,8,-13,Ov,226,-980
2019-03-30,BKN,BOS,110,96,39,38,8,7,-4,Un,223,-174
2019-03-30,CHI,TOR,101,124,21,56,3,13,10.5,Ov,215,465
2019-03-30,DET,POR,99,90,39,37,8,6,-5.5,Un,216,-230
2019-03-30,HOU,SAC,119,108,49,28,10,6,-10,Un,229,-505
2019-03-30,IND,ORL,116,121,45,32,9,5,-1.5,Ov,206,-125
2019-03-30,LAC,CLE,132,108,46,31,11,3,-8.5,Ov,228,-377
2019-03-30,MIN,PHI,109,118,34,42,5,8,4,Un,229,167
2019-03-30,NYK,MIA,92,100,14,62,2,14,7,Un,208,235
2019-03-30,PHO,MEM,115,120,17,60,3,13,2.5,Ov,220,113
2019-03-31,ATL,MIL,136,135,28,49,6,9,2,Ov,230,117
2019-03-31,DEN,WAS,90,95,51,25,10,2,-10.5,Un,227,-603
2019-03-31,GSW,CHA,137,90,52,24,11,3,-11,Un,230,-701
2019-03-31,LAC,MEM,113,96,47,31,11,3,-10,Un,223,-470
2019-03-31,NOR,LAL,102,130,32,46,8,8,-3,Ov,230,-145
2019-03-31,OKC,DAL,103,106,44,33,8,7,-12.5,Un,218,-916
2019-03-31,SAS,SAC,106,113,44,33,9,6,-10.5,Un,224,-522
2019-04-01,BOS,MIA,110,105,46,32,10,6,-7,Ov,214,-260
2019-04-01,BKN,MIL,121,131,39,39,8,7,-1.5,Ov,229,-118
2019-04-01,DAL,PHI,122,102,31,46,3,10,4.5,Ov,219,174
2019-04-01,IND,DET,111,102,46,32,10,5,-5.5,Ov,203,-214
2019-04-01,MIN,POR,122,132,34,43,5,9,3,Ov,225,134
2019-04-01,NYK,CHI,113,105,15,62,2,14,-3.5,Ov,214,-165
2019-04-01,PHO,CLE,122,113,18,60,3,13,-2,Ov,224,-126
2019-04-01,TOR,ORL,121,109,55,23,11,4,-6.5,Ov,216,-268
2019-04-01,UTA,CHA,111,102,47,30,7,8,-10.5,Un,218,-603
2019-04-02,GSW,DEN,116,102,53,24,11,3,-8.5,Un,220,-365
2019-04-02,OKC,LAL,119,103,45,33,8,7,-12.5,Un,225,-1225
2019-04-02,SAC,HOU,105,130,38,40,4,12,5.5,Ov,225,214
2019-04-02,SAS,ATL,117,111,45,33,9,6,-11,Un,230,-730
2019-04-03,ATL,PHI,130,122,29,50,6,9,4,Ov,239,160
2019-04-03,BKN,TOR,105,115,39,40,8,8,2,Un,229,117
2019-04-03,DAL,MIN,108,110,31,47,3,10,-2,Un,227,-135
2019-04-03,DEN,SAS,113,85,52,26,10,2,-5,Un,215,-189
2019-04-03,DET,IND,89,108,39,39,8,8,-2.5,Un,205,-143
2019-04-03,LAC,HOU,103,135,47,32,11,3,2.5,Ov,229,127
2019-04-03,MIA,BOS,102,112,38,40,7,9,-1,Un,214,-104
2019-04-03,NOR,CHA,109,115,32,47,8,8,4.5,Un,230,172
2019-04-03,ORL,NYK,114,100,39,40,8,6,-13.5,Ov,212,-1183
2019-04-03,PHO,UTA,97,118,18,61,3,13,10.5,Un,219,501
2019-04-03,POR,MEM,116,89,50,28,5,9,-10.5,Un,216,-577
2019-04-03,WAS,CHI,114,115,32,47,7,9,-9.5,Ov,226,-514
2019-04-04,LAL,GSW,90,108,35,44,8,7,13.5,Un,227,828
2019-04-04,PHI,MIL,122,128,49,30,8,8,4.5,Ov,231,166
2019-04-04,SAC,CLE,117,104,39,40,4,12,-10,Un,229,-488
2019-04-05,CHA,TOR,113,111,37,42,10,5,6,Pu,224,216
2019-04-05,DAL,MEM,112,122,31,48,3,11,-4,Ov,211,-171
2019-04-05,DEN,POR,119,110,53,26,11,2,-6,Ov,216,-236
2019-04-05,GSW,CLE,120,114,55,24,12,3,-15.5,Ov,225,-1863
2019-04-05,HOU,NYK,120,96,52,28,10,6,-18,Pu,216,-3656
2019-04-05,IND,BOS,97,117,47,33,11,5,1,Ov,213,105
2019-04-05,LAC,LAL,117,122,47,33,11,4,-11.5,Ov,228,-666
2019-04-05,MIN,MIA,111,109,36,43,5,9,4,Ov,218,157
2019-04-05,OKC,DET,123,110,46,33,8,7,-6,Ov,216,-230
2019-04-05,ORL,ATL,149,113,40,40,9,6,-9,Ov,225,-373
2019-04-05,PHO,NOR,133,126,19,61,3,13,2.5,Ov,228,127
2019-04-05,UTA,SAC,119,98,49,30,7,8,-10,Un,222,-496
2019-04-05,WAS,SAS,112,129,32,48,7,9,6.5,Ov,225,226
2019-04-06,CHI,PHI,96,116,22,58,3,13,9.5,Un,227,465
2019-04-06,MIL,BKN,128,133,59,21,14,2,-3.5,Ov,235,-160
2019-04-07,BOS,ORL,108,116,48,33,10,6,-4,Ov,217,-164
2019-04-07,CLE,SAS,90,112,19,62,4,12,8.5,Un,219,336
2019-04-07,DET,CHA,91,104,39,41,8,8,-6.5,Un,217,-272
2019-04-07,GSW,LAC,131,104,56,24,13,3,-11,Un,237,-715
2019-04-07,HOU,PHO,149,113,53,28,10,6,-18.5,Ov,222,-4552
2019-04-07,IND,BKN,96,108,47,34,11,5,-2.5,Un,220,-135
2019-04-07,LAL,UTA,113,109,37,44,9,7,12,Ov,216,595
2019-04-07,MEM,DAL,127,129,32,48,8,8,1,Ov,214,101
2019-04-07,MIL,ATL,115,107,60,21,14,2,-11.5,Un,235,-771
2019-04-07,MIN,OKC,126,132,36,44,5,10,6.5,Ov,229,237
2019-04-07,NYK,WAS,113,110,16,64,2,14,4,Un,226,144
2019-04-07,POR,DEN,115,108,51,29,6,10,-8.5,Ov,219,-390
2019-04-07,SAC,NOR,129,133,39,42,4,12,-11.5,Ov,232,-727
2019-04-07,TOR,MIA,117,109,57,24,12,4,-5.5,Ov,214,-220
2019-04-09,CHI,NYK,86,96,22,59,3,13,-1.5,Un,215,-121
2019-04-09,CLE,CHA,97,124,19,63,4,12,8.5,Ov,220,354
2019-04-09,DAL,PHO,120,109,33,48,4,11,-8.5,Ov,225,-350
2019-04-09,DET,MEM,100,93,40,41,8,8,-11.5,Un,210,-1001
2019-04-09,LAL,POR,101,104,37,45,9,7,9.5,Un,226,390
2019-04-09,MIA,PHI,122,99,39,42,7,9,-6.5,Ov,219,-246
2019-04-09,MIN,TOR,100,120,36,45,5,10,7.5,Un,227,277
2019-04-09,NOR,GSW,103,112,33,49,8,8,9.5,Un,235,380
2019-04-09,OKC,HOU,112,111,48,33,9,7,3,Un,229,131
2019-04-09,UTA,DEN,118,108,50,31,8,8,-2,Ov,212,-120
2019-04-09,WAS,BOS,110,116,32,50,7,9,-5,Ov,223,-201
2019-04-10,ATL,IND,134,135,29,53,6,10,-5.5,Ov,227,-220
2019-04-10,BKN,MIA,113,94,42,40,8,8,-5,Un,220,-192
2019-04-10,CHA,ORL,114,122,39,43,10,6,-4,Ov,218,-183
2019-04-10,DEN,MIN,99,95,54,28,12,4,-12.5,Un,218,-801
2019-04-10,LAC,UTA,143,137,48,34,11,5,-8,Ov,225,-284
2019-04-10,MEM,GSW,132,117,33,49,8,8,5,Ov,214,170
2019-04-10,MIL,OKC,116,127,60,22,14,2,4.5,Ov,227,196
2019-04-10,NYK,DET,89,115,17,65,2,14,8.5,Un,205,338
2019-04-10,PHI,CHI,125,109,51,31,8,8,-6,Ov,219,-254
2019-04-10,POR,SAC,136,131,53,29,6,10,-3,Ov,226,-143
2019-04-10,SAS,DAL,105,94,48,34,10,6,-14,Un,218,-1113
2019-04-13,DEN,SAS,96,101,54,29,12,4,-5.5,Un,210,-239
2019-04-13,GSW,LAC,121,104,58,25,14,3,-13.5,Un,233,-1177
2019-04-13,PHI,BKN,102,111,51,32,8,9,-7.5,Un,227,-319
2019-04-13,TOR,ORL,101,104,58,25,12,4,-9.5,Un,212,-477
2019-04-14,BOS,IND,84,74,50,33,10,6,-7.5,Un,210,-345
2019-04-14,HOU,UTA,122,90,54,29,10,6,-6.5,Un,212,-261
2019-04-14,MIL,DET,121,86,61,22,15,2,-14.5,Un,215,-1459
2019-04-14,POR,OKC,104,99,54,29,7,10,-3,Un,223,-156
2019-04-15,GSW,LAC,131,135,58,26,14,4,-13.5,Ov,234,-1466
2019-04-15,PHI,BKN,145,123,52,32,9,9,-8.5,Ov,224,-390
2019-04-16,DEN,SAS,114,105,55,29,12,4,-7,Ov,210,-285
2019-04-16,POR,OKC,114,94,55,29,8,10,-1,Un,224,-110
2019-04-16,TOR,ORL,111,82,59,25,12,4,-11,Un,212,-680
2019-04-17,BOS,IND,99,91,51,33,10,6,-7.5,Un,206,-295
2019-04-17,HOU,UTA,118,98,55,29,10,6,-7,Pu,216,-266
2019-04-17,MIL,DET,120,99,62,22,16,2,-15.5,Ov,215,-2429
2019-04-18,BKN,PHI,115,131,43,42,9,10,1.5,Ov,229,101
2019-04-18,LAC,GSW,105,132,49,36,12,7,9,Ov,234,371
2019-04-18,SAS,DEN,118,108,50,35,10,6,-4.5,Ov,208,-181
2019-04-19,IND,BOS,96,104,48,37,11,5,-2.5,Un,204,-135
2019-04-19,OKC,POR,120,108,50,35,10,9,-7.5,Ov,221,-300
2019-04-19,ORL,TOR,93,98,43,42,10,6,5.5,Un,211,196
2019-04-20,BKN,PHI,108,112,43,43,9,11,3.5,Un,231,147
2019-04-20,DET,MIL,103,119,41,44,8,11,9.5,Ov,217,371
2019-04-20,SAS,DEN,103,117,50,36,10,6,-3.5,Ov,209,-162
2019-04-20,UTA,HOU,101,104,50,35,8,8,-2,Un,216,-126
2019-04-21,IND,BOS,106,110,48,38,11,5,3.5,Ov,204,144
2019-04-21,LAC,GSW,105,113,49,37,12,8,9.5,Un,235,396
2019-04-21,OKC,POR,98,111,50,36,10,10,-5.5,Un,222,-214
2019-04-21,ORL,TOR,85,107,43,43,10,6,5.5,Un,206,186
2019-04-22,DET,MIL,104,127,41,45,8,12,12.5,Ov,220,626
2019-04-22,UTA,HOU,107,91,51,35,8,8,2,Un,215,114
2019-04-23,DEN,SAS,108,90,57,30,12,4,-5.5,Un,211,-220
2019-04-23,PHI,BKN,122,100,55,32,12,9,-9,Un,230,-369
2019-04-23,POR,OKC,118,115,57,30,10,11,-4,Ov,222,-173
2019-04-23,TOR,ORL,115,96,62,25,12,4,-11,Ov,206,-724
2019-04-24,GSW,LAC,121,129,60,27,16,5,-15,Ov,232,-1650
2019-04-24,HOU,UTA,100,93,57,30,10,6,-8.5,Un,214,-358
2019-04-25,SAS,DEN,120,103,51,37,10,6,-3,Ov,209,-144
2019-04-26,LAC,GSW,110,129,50,38,13,9,10.5,Ov,232,460
2019-04-27,DEN,SAS,90,86,58,31,12,4,-6.5,Un,207,-247
2019-04-27,TOR,PHI,108,95,63,25,13,4,-6.5,Un,223,-258
2019-04-28,GSW,HOU,104,100,62,27,17,5,-6.5,Un,224,-252
2019-04-28,MIL,BOS,90,112,64,23,18,2,-8.5,Un,222,-351
2019-04-29,DEN,POR,121,113,59,31,13,4,-4,Ov,215,-178
2019-04-29,TOR,PHI,89,94,63,26,13,5,-7.5,Un,220,-307
2019-04-30,GSW,HOU,115,109,63,27,17,5,-5,Ov,222,-218
2019-04-30,MIL,BOS,123,102,65,23,18,2,-7.5,Ov,219,-320
2019-05-01,DEN,POR,90,97,59,32,13,5,-4,Un,219,-180
2019-05-02,PHI,TOR,116,95,57,33,14,10,1.5,Un,216,108
2019-05-03,BOS,MIL,116,123,54,35,10,6,-1.5,Ov,220,-126
2019-05-03,POR,DEN,140,137,59,31,12,12,-5,Ov,215,-191
2019-05-04,HOU,GSW,126,121,58,32,10,6,-3.5,Ov,219,-163
2019-05-05,PHI,TOR,96,101,57,34,14,11,-2,Un,215,-131
2019-05-05,POR,DEN,112,116,59,32,12,13,-3,Ov,211,-143
2019-05-06,BOS,MIL,101,113,54,36,10,6,-1,Un,219,-107
2019-05-06,HOU,GSW,112,108,59,32,10,6,-1,Ov,219,-102
2019-05-07,DEN,POR,124,98,61,33,15,6,-5,Ov,213,-205
2019-05-07,TOR,PHI,125,89,65,27,15,6,-6,Ov,212,-240
2019-05-08,GSW,HOU,104,99,64,29,17,5,-6,Un,221,-231
2019-05-08,MIL,BOS,116,91,68,23,18,2,-8.5,Un,221,-357
2019-05-09,PHI,TOR,112,101,58,35,15,12,1.5,Ov,211,110
2019-05-09,POR,DEN,119,108,60,33,13,14,-4,Ov,213,-176
2019-05-10,HOU,GSW,113,118,59,34,10,6,-7.5,Ov,215,-320
2019-05-12,DEN,POR,96,100,61,35,15,8,-5.5,Un,211,-246
2019-05-12,TOR,PHI,92,90,66,28,16,7,-6,Un,209,-243
2019-05-14,GSW,POR,116,94,66,29,17,5,-7.5,Un,220,-310
2019-05-15,MIL,TOR,108,100,69,23,18,2,-6.5,Un,218,-285
2019-05-16,GSW,POR,114,111,67,29,17,5,-7,Ov,219,-295
2019-05-17,MIL,TOR,125,103,70,23,18,2,-6.5,Ov,219,-247
2019-05-18,POR,GSW,99,110,61,36,14,14,-3,Un,221,-148
2019-05-19,TOR,MIL,118,112,67,30,16,7,-2.5,Ov,221,-134
2019-05-20,POR,GSW,117,119,61,37,14,14,2,Ov,219,111
2019-05-21,TOR,MIL,120,102,68,30,16,7,3,Ov,215,137
2019-05-23,MIL,TOR,99,105,70,26,18,2,-7.5,Un,215,-315
2019-05-25,TOR,MIL,100,94,70,30,16,7,-1.5,Un,214,-124
2019-05-30,TOR,GSW,118,109,71,30,16,7,-2,Ov,212,-128
2019-06-02,TOR,GSW,104,109,71,31,16,7,-2.5,Un,213,-132
2019-06-05,GSW,TOR,109,123,70,31,17,5,-3,Ov,210,-140
2019-06-07,GSW,TOR,92,105,70,32,17,5,-5,Un,214,-216
2019-06-10,TOR,GSW,105,106,73,32,16,7,-1,Un,217,-106
2019-06-13,GSW,TOR,110,114,71,33,17,5,-2.5,Ov,211,-137
